Año,Trimestre,Provincia,Usuarios totales,Accesos por cada 100 hogares,Banda ancha fija,Dial up,ADSL,Cablemodem,Fibra óptica,Wireless,Mbps (Media de bajada),Hasta 512 kbps,Entre 512 Kbps y 1 Mbps,Entre 1 Mbps y 6 Mbps,Entre 6 Mbps y 10 Mbps,Entre 10 Mbps y 20 Mbps,Entre 20 Mbps y 30 Mbps,Más de 30 Mbps
2022,3,Provincia de Buenos Aires,4721668,78.11,4715469,6199,339648,2748325,1436433,126846,70,29985,27709,290315,297915,267044,12419,3618689
2022,3,Capital Federal,1547679,122.28,1545534,2145,140791,1240125,129218,5758,101,5170,5742,34371,67829,51946,28692,1253105
2022,3,Catamarca,70293,65.33,70292,1,10010,10495,46224,1329,61,710,3840,3107,5389,5099,3737,50298
2022,3,Chaco,144146,43.86,144141,5,27164,61800,44645,8178,53,4610,9870,16782,18938,8049,15828,79390
2022,3,Chubut,165778,84.38,164874,904,45377,72212,9574,29784,16,1090,1444,45707,3094,34682,15309,17563
2022,3,Córdoba,1038668,88.31,1038600,68,163770,465461,338570,6107,56,990,11312,153324,111615,70989,27112,650344
2022,3,Corrientes,144846,48.21,144842,4,36508,77140,18619,7256,45,670,3865,23427,23948,7776,21706,56950
2022,3,Entre Ríos,268959,63.67,268937,22,60345,132952,36971,26098,42,1070,5549,47210,46855,18263,32021,102195
2022,3,Formosa,68538,43.76,68537,1,14470,25880,11041,16935,30,970,3070,23538,19545,6194,5640,17704
2022,3,Jujuy,118823,58.91,118823,0,19257,52978,40172,4033,32,580,1879,19135,15254,36083,5190,45895
2022,3,La Pampa,116092,96.59,115921,171,7796,60078,23551,20216,18,680,1887,61540,9653,11592,5609,22731
2022,3,La Rioja,86864,80.66,86860,4,6842,53899,19697,6395,44,180,6890,2842,3375,24219,5331,50390
2022,3,Mendoza,289523,51.03,288746,777,37659,78858,142615,27625,34,1030,2953,44232,21977,48201,17243,150043
2022,3,Misiones,182157,51.82,182157,0,35513,88902,39046,11074,49,510,3749,36628,20758,12676,19615,80330
2022,3,Neuquén,163161,80.37,162693,468,29352,75815,29396,27482,48,1340,9910,38485,1408,92,67,78713
2022,3,Río Negro,160558,67.98,160010,548,35552,48260,41017,1676,34,1110,1221,32936,1786,27934,13629,42596
2022,3,Salta,204541,57.76,204536,5,40006,96984,50254,10082,41,1140,149,32923,71199,5662,1001,85661
2022,3,San Juan,103399,50.8,103118,281,38570,22723,12328,2186,16,240,2027,30324,11247,22157,678,19221
2022,3,San Luis,122070,81.74,121888,182,6860,29363,248,70614,19,600,3070,6563,20813,12061,67438,13
2022,3,Santa Cruz,49510,43.19,49312,198,10170,24047,10815,3896,13,520,6841,12342,11313,11378,2333,4604
2022,3,Santa Fe,887810,78.55,887700,110,183740,426255,215189,43079,45,4680,11132,132709,198588,70897,57455,396352
2022,3,Santiago Del Estero,119032,47.98,119030,2,15385,80937,13170,6618,18,1780,1384,28357,58982,16087,9100,12342
2022,3,Tierra Del Fuego,53896,99.51,53584,312,12754,39963,403,1250,11,220,8310,12002,14815,20102,1752,1021
2022,3,Tucumán,263117,61.14,263087,30,77738,18518,162345,3997,53,390,2047,32571,39018,25214,4348,159600
2022,2,Provincia de Buenos Aires,4667183,77.58,4660984,6199,350652,2719613,1399043,126847,66,30639,28323,295238,307554,273954,129869,3535757
2022,2,Capital Federal,1536771,121.31,1534626,2145,145491,1232226,121506,5757,94,5170,598,36036,72434,55372,31571,1229254
2022,2,Catamarca,67008,62.4,67007,1,11928,9430,42087,1329,57,710,4130,3678,6155,7165,3393,43926
2022,2,Chaco,143564,43.79,143559,5,29552,61284,42194,8178,51,4610,1047,17603,20109,8391,15974,76271
2022,2,Chubut,162805,83.19,161901,904,45377,69242,9574,29784,15,1090,1444,45804,31217,3429,14526,15394
2022,2,Córdoba,1026435,87.48,1026367,68,179181,467595,308895,61107,54,990,11971,160486,120485,71923,28645,619400
2022,2,Corrientes,144997,48.35,144993,4,38468,75769,18181,7256,43,670,3937,24253,24842,8001,21719,55071
2022,2,Entre Ríos,269352,63.9,269330,22,63794,131029,35839,26098,40,1070,5656,48637,48557,18512,32355,98769
2022,2,Formosa,67881,43.42,67881,0,15397,25487,9875,1691,28,970,4070,23834,19706,633,5910,16326
2022,2,Jujuy,115314,57.32,115314,0,20303,54495,34184,3955,29,580,1829,19458,1579,37786,5490,37391
2022,2,La Pampa,111527,92.98,111356,171,7796,59273,22994,202,16,680,1887,62546,9842,118,5247,17125
2022,2,La Rioja,86030,80.14,86026,4,7759,52656,19189,6395,43,180,7280,3179,389,23814,5481,48920
2022,2,Mendoza,279562,49.39,278785,777,37663,77504,135504,26964,30,1030,2954,44961,22557,64138,19543,121366
2022,2,Misiones,178813,51.0,178813,0,37208,89260,33649,11074,46,510,3808,37254,21712,12774,19757,75107
2022,2,Neuquén,161968,80.02,161500,468,29749,74905,28824,27371,47,1340,9990,38826,15066,9205,2039,76982
2022,2,Río Negro,159764,67.85,159216,548,36050,47040,40946,1676,33,1110,1227,33364,17938,27168,13714,41972
2022,2,Salta,203177,57.54,203172,5,42665,96178,47076,10068,39,1140,153,33732,72661,6012,1156,81478
2022,2,San Juan,100407,49.46,100126,281,38570,19734,12328,21859,14,240,2027,30385,11276,24649,3728,16701
2022,2,San Luis,121741,81.76,121559,182,6860,29034,248,70614,19,600,3060,6840,21217,11052,67438,13
2022,2,Santa Cruz,49185,43.15,48987,198,10170,23725,10815,3896,12,520,6841,12348,11369,11885,2454,3592
2022,2,Santa Fe,878859,77.9,878749,110,198492,428233,189503,43081,42,4680,11757,138534,204381,74133,58114,373888
2022,2,Santiago Del Estero,118044,47.7,118042,2,16561,80338,11605,6618,16,1780,1401,29581,59931,14606,8830,10672
2022,2,Tierra Del Fuego,53770,99.86,53458,312,12754,39837,403,1250,11,220,8310,12052,14828,19968,1712,1006
2022,2,Tucumán,254527,59.31,254497,30,85893,15327,148823,3997,50,390,2195,34461,43513,23634,4863,145541
2022,1,Provincia de Buenos Aires,4555424,76.08,4549131,6293,392045,2728865,1242121,125521,63,31591,30056,313382,321756,290127,161183,3381049
2022,1,Capital Federal,1417541,111.8,1415378,2163,102290,1217225,62308,5784,88,5270,5575,39918,7739,61053,43289,1188072
2022,1,Catamarca,62378,58.21,62377,1,14181,15517,29118,1328,51,710,4560,4386,7009,8773,3761,35715
2022,1,Chaco,144119,44.06,144114,5,32391,64546,36662,8164,46,4610,1099,16888,21235,20898,13012,62946
2022,1,Chubut,171628,88.05,170701,927,44133,66667,9184,30592,13,1130,1677,61369,31856,3308,13871,14055
2022,1,Córdoba,1003803,85.76,1003729,74,195610,501799,235838,60843,50,1000,12782,165922,126009,73967,34892,577027
2022,1,Corrientes,142578,47.64,142574,4,40462,79093,10875,6774,38,670,4029,24563,25665,27077,10452,43631
2022,1,Entre Ríos,267926,63.7,267904,22,67159,138986,23091,26098,36,1070,5745,50075,4962,42294,21578,81757
2022,1,Formosa,54548,34.96,54548,0,16397,15927,5146,16876,30,970,4480,24113,6945,6613,7160,15028
2022,1,Jujuy,116509,58.06,116509,0,21307,60616,25949,4662,28,580,1761,22141,16321,37923,5760,35287
2022,1,La Pampa,109732,91.66,109560,172,8003,58978,21739,19903,15,3010,2223,62812,9869,12044,525,14400
2022,1,La Rioja,84303,78.77,84299,4,9103,59228,9546,6395,41,180,7780,3576,4692,23624,5645,45970
2022,1,Mendoza,275185,48.74,274399,786,49464,74145,123228,26969,26,1140,3355,51230,26407,74178,21566,95048
2022,1,Misiones,171508,49.04,171508,0,39147,91752,25178,7807,42,510,3873,35655,22261,26855,15854,58610
2022,1,Neuquén,149679,74.17,149208,471,28443,73200,24193,23098,43,1370,1123,39856,15623,11163,2654,71238
2022,1,Río Negro,157374,67.04,156821,553,38662,45366,38037,16815,31,1160,1383,35565,18859,26926,14144,37729
2022,1,Salta,197515,56.11,197510,5,44714,98667,40994,595,37,1140,1725,35576,68246,6313,2214,76838
2022,1,San Juan,88178,43.55,87888,290,34038,14449,11294,20723,12,260,2269,32356,11914,25144,2088,11916
2022,1,San Luis,119844,80.72,119659,185,7987,11296,31,71809,21,610,6430,8287,3837,9802,68612,13
2022,1,Santa Cruz,49102,43.34,48898,204,10537,23420,10766,3974,11,510,6898,12710,11502,12277,2628,2551
2022,1,Santa Fe,870479,77.3,870364,115,213486,444609,146552,45261,39,4680,12435,143796,208361,84787,58018,344170
2022,1,Santiago Del Estero,116461,47.17,116459,2,18118,87979,1093,6349,14,1780,1401,30220,6117,13542,8490,8309
2022,1,Tierra Del Fuego,52611,98.29,52298,313,13031,38700,416,1240,11,240,8940,12849,1564,18034,1767,982
2022,1,Tucumán,245584,57.39,245554,30,92532,62396,86174,3995,47,390,2212,36028,46961,21014,5211,133846
2021,4,Provincia de Buenos Aires,4509157,75.66,4502772,6385,426325,2706506,1176024,126887,60,37821,11026,352950,331292,297296,196021,3259793
2021,4,Capital Federal,1412119,111.27,1409935,2184,111360,1205128,60005,5679,83,5630,1695,47133,81899,66135,66755,1147939
2021,4,Catamarca,59090,55.25,59089,1,16385,13858,25100,1512,46,710,0,6038,7855,9804,3262,29827
2021,4,Chaco,143745,44.05,143740,5,35548,63145,34688,8005,42,4610,1120,18845,22678,21937,13692,58435
2021,4,Chubut,160308,82.57,159364,944,46361,57412,9655,28041,9,1260,1294,63698,39568,31175,578,2904
2021,4,Córdoba,986770,84.51,986693,77,212011,487489,217214,61277,46,1000,2479,184548,130892,76246,41198,538700
2021,4,Corrientes,135912,45.51,135908,4,42523,71183,10138,6778,36,670,6450,28830,26368,22922,10087,39911
2021,4,Entre Ríos,265046,63.16,265024,22,70459,133387,23452,25022,33,1070,3024,56043,49636,38295,24068,77290
2021,4,Formosa,53663,34.45,53663,0,17211,15111,5151,16018,29,840,0,22908,6983,6811,1135,13775
2021,4,Jujuy,113915,56.92,113915,0,22330,60511,24156,2927,27,580,1750,22446,16793,38134,5640,33421
2021,4,La Pampa,107007,89.57,106834,173,8175,58000,20192,19286,14,3010,4930,64840,9082,12259,4821,12184
2021,4,La Rioja,83128,77.92,83124,4,10387,56651,9446,6613,40,180,10,5018,5437,23559,5671,43424
2021,4,Mendoza,267587,47.51,266783,804,59842,71553,109667,24666,22,1560,1463,66428,30308,75214,18621,75031
2021,4,Misiones,171132,49.06,171132,0,41778,92068,22035,7649,39,510,50,41916,23554,26721,15954,54596
2021,4,Neuquén,147466,73.3,146989,477,29175,72761,23253,21531,40,1400,9400,42313,13264,10515,331,69217
2021,4,Río Negro,153753,65.69,153189,564,42037,44495,32212,16558,27,1560,1174,38373,19878,31255,413,36142
2021,4,Salta,199405,56.81,199399,6,46972,99808,39555,5882,34,1140,200,40673,69324,6642,3535,72622
2021,4,San Juan,79958,39.59,79667,291,35868,13102,11072,11423,11,440,1442,28906,10955,23978,3980,9800
2021,4,San Luis,118849,80.3,118662,187,8472,11064,30,7056,21,620,2640,8550,4276,9107,67363,9
2021,4,Santa Cruz,48486,43.05,48276,210,10790,22902,10031,4346,9,520,2970,20305,11641,13054,177,876
2021,4,Santa Fe,866441,77.09,866265,176,233427,444373,128856,43556,36,4670,5810,169706,206856,8569,62349,322015
2021,4,Santiago Del Estero,115861,47.05,115859,2,19032,86563,1088,6256,14,1780,9090,31915,61524,12205,8000,7537
2021,4,Tierra Del Fuego,52357,98.4,52042,315,13317,38148,426,1240,11,260,3850,13505,16534,16562,1748,1017
2021,4,Tucumán,238639,55.93,238609,30,97830,59022,78790,2511,45,390,970,37321,48736,21023,5326,125857
2021,3,Provincia de Buenos Aires,4251609,71.68,4246425,5184,585729,2595485,885613,120228,56,37193,31149,1108940,248153,141383,192797,2482266
2021,3,Capital Federal,1413405,111.27,1411797,1608,142902,1192107,42966,6059,78,2950,6030,156978,67013,39785,73502,1075229
2021,3,Catamarca,56254,52.71,56253,1,18413,11709,22331,1568,43,710,0,6755,8428,10517,1659,26618
2021,3,Chaco,139871,42.96,139868,3,38258,63659,27583,8018,39,3010,1120,22545,20986,23852,14412,49705
2021,3,Chubut,156066,80.71,155266,800,49269,55794,8946,23376,8,1040,1050,89168,26281,18538,532,1643
2021,3,Córdoba,946788,81.28,946726,62,229275,477223,167495,57617,42,990,2452,204989,141285,6505,47198,476459
2021,3,Corrientes,133819,44.9,133816,3,44805,69403,7542,6766,32,670,6450,29629,28478,24792,9687,35468
2021,3,Entre Ríos,260375,62.18,260360,15,74443,128752,20485,235,30,1070,3024,61354,59776,39114,16284,67961
2021,3,Formosa,52795,33.96,52795,0,18093,14111,4730,1569,27,3810,0,22778,7142,6978,1192,12707
2021,3,Jujuy,111158,55.69,111158,0,23554,60758,19926,2952,26,480,1750,23884,16417,37755,5610,29917
2021,3,La Pampa,100487,84.28,100371,116,9015,57881,17817,14479,13,2980,3130,65063,7395,8737,4023,10506
2021,3,La Rioja,82160,77.26,82157,3,11329,54744,9444,6613,39,180,10,5366,5979,23315,4868,42613
2021,3,Mendoza,255939,45.55,255320,619,91474,71247,70579,21811,13,360,310,151871,1264,62628,7596,21087
2021,3,Misiones,158528,45.57,158528,0,43230,89469,10969,7198,31,510,50,41932,25099,26079,14792,42291
2021,3,Neuquén,139809,69.71,139436,373,29650,73794,16455,1927,38,1120,3270,57441,8566,6234,3631,57919
2021,3,Río Negro,144585,61.97,144084,501,47934,44519,18725,15031,25,1250,5570,68991,373,1488,2282,34011
2021,3,Salta,195833,55.96,195831,2,49212,98318,36126,5724,31,1010,200,41431,70104,6962,3878,67010
2021,3,San Juan,79483,39.46,79227,256,40072,12922,6670,11372,7,180,3330,59873,7520,1325,3380,278
2021,3,San Luis,117864,79.87,117716,148,8417,11884,27,68856,22,600,0,11552,2405,6491,67942,22
2021,3,Santa Cruz,48976,43.75,48779,197,12347,22961,6328,4269,8,500,0,30561,8365,6799,1788,678
2021,3,Santa Fe,841584,75.02,841433,151,245929,443156,93412,43447,33,4670,5790,193207,20125,83941,5508,290793
2021,3,Santiago Del Estero,115458,47.0,115457,1,19939,85535,909,6147,13,1230,9090,32752,61838,11274,8010,6863
2021,3,Tierra Del Fuego,50223,94.95,49934,289,12853,36958,6,160,10,170,0,23723,13397,9782,1433,976
2021,3,Tucumán,232472,54.64,232447,25,104489,53868,70964,2408,42,320,970,39446,50293,21986,53,115154
2021,2,Provincia de Buenos Aires,4132351,70.0,4127167,5184,603255,2503830,854173,113546,53,37192,31178,1096049,244001,140322,236897,2337604
2021,2,Capital Federal,1400355,110.14,1398747,1608,148989,1175097,41318,558,73,2940,6030,157558,73568,43859,86655,1037752
2021,2,Catamarca,55744,52.34,55743,1,20305,9426,22331,1449,42,710,0,7219,9091,6828,4941,25388
2021,2,Chaco,140729,43.33,140726,3,39826,62948,27584,8018,37,3010,1120,23444,21574,24032,16069,47239
2021,2,Chubut,139237,72.29,138412,825,49271,41497,6081,23682,8,1040,1050,89639,22605,16604,3896,1112
2021,2,Córdoba,930880,80.12,930818,62,239780,467782,151855,55944,40,990,2452,201757,136516,6695,70824,442357
2021,2,Corrientes,129501,43.54,129498,3,46648,67262,3731,6557,30,670,6450,29419,27037,24524,10059,32697
2021,2,Entre Ríos,257632,61.66,257617,15,77836,124957,17856,23786,28,1070,3024,63518,55349,39468,18484,61605
2021,2,Formosa,51551,33.23,51551,0,19571,12509,3610,1569,24,3810,0,22364,731,746,1341,11077
2021,2,Jujuy,111848,56.18,111848,0,24738,60800,19611,2731,26,480,1750,24182,16577,37908,6070,29950
2021,2,La Pampa,97667,82.08,97551,116,9017,57014,17132,13209,12,2980,5540,64146,7769,8128,3399,9311
2021,2,La Rioja,81602,76.98,81599,3,11627,54255,9445,6245,39,180,10,5312,5971,23298,4825,42158
2021,2,Mendoza,229671,40.97,229052,619,91503,70834,44696,21811,13,360,310,137462,10886,56117,4403,20686
2021,2,Misiones,156176,45.01,156176,0,44960,87861,10376,5317,29,510,50,41643,25907,25811,16172,38308
2021,2,Neuquén,138250,69.14,137877,373,30083,72690,15619,19218,36,1120,3270,57713,8631,5871,5943,54008
2021,2,Río Negro,144084,61.94,143583,501,48189,43761,18727,15031,24,1250,5570,69356,3663,15019,3867,31488
2021,2,Salta,191639,54.93,191637,2,51396,96016,32050,5724,29,1010,200,42543,67012,7099,9654,58882
2021,2,San Juan,78933,39.28,78677,256,40072,12369,6673,11372,7,180,3330,59989,7840,1255,3400,278
2021,2,San Luis,122818,83.48,122670,148,8417,11308,28,6686,22,600,0,11752,2703,5418,65946,22
2021,2,Santa Cruz,48982,44.01,48785,197,12347,22967,6328,4269,8,500,0,30595,8463,6888,1575,676
2021,2,Santa Fe,840600,75.07,840449,151,256741,431915,90424,43997,31,4670,8960,202018,204077,80452,75195,262124
2021,2,Santiago Del Estero,114090,46.56,114089,1,20734,83770,909,5081,13,1230,9090,32034,62224,10359,8110,6064
2021,2,Tierra Del Fuego,35693,67.89,35404,289,12853,22504,6,140,9,170,0,21335,6913,458,4760,889
2021,2,Tucumán,233051,54.93,233026,25,110429,48359,71683,1837,40,320,970,40224,51648,23732,5022,109616
2021,1,Provincia de Buenos Aires,4060002,69.11,4054936,5066,629679,2452056,821597,98806,51,36939,31187,1108368,24052,163747,222061,2246313
2021,1,Capital Federal,1379673,108.42,1378283,1390,159805,1145093,39980,5559,68,1350,2440,159662,76753,56457,83255,1003041
2021,1,Catamarca,51968,48.9,51967,1,26316,4409,18688,3220,40,710,0,7423,8455,10115,7120,22996
2021,1,Chaco,139770,43.14,139767,3,43214,61251,25426,8004,34,3010,1120,24357,22102,27556,14496,42462
2021,1,Chubut,132340,68.99,131515,825,45501,40960,3444,23723,8,1060,1090,86986,21401,15392,2844,1112
2021,1,Córdoba,910881,78.59,910826,55,260350,444695,134634,54137,36,930,2386,211799,135092,74659,71984,402191
2021,1,Corrientes,126625,42.66,126622,3,49160,62876,3337,5949,26,670,5270,31544,26223,26169,9001,27641
2021,1,Entre Ríos,251963,60.44,251950,13,83688,118424,16846,20836,24,1050,2911,67255,5606,42432,15774,54600
2021,1,Formosa,50686,32.73,50686,0,20663,11412,2562,15669,21,560,0,22409,7569,7916,1215,9579
2021,1,Jujuy,110456,55.63,110456,0,32254,54324,17322,2677,27,490,1750,23735,17293,40649,5680,25609
2021,1,La Pampa,97105,81.78,96989,116,8946,58711,15779,12369,11,2980,5540,68200,7864,7611,2786,7368
2021,1,La Rioja,52628,49.81,52625,3,17363,34984,1,2500,13,180,10,36749,5968,4604,2150,5074
2021,1,Mendoza,218923,39.15,218308,615,91844,69295,38619,18332,13,280,400,134386,11216,52533,4061,16615
2021,1,Misiones,149387,43.17,149387,0,48292,82339,7064,4796,25,510,5240,40949,25503,27101,1405,32953
2021,1,Neuquén,133235,66.84,132862,373,30223,70457,14171,17752,34,1160,3270,56171,8443,5903,5677,50840
2021,1,Río Negro,141168,60.88,140667,501,48777,42192,17828,13994,22,1250,4660,70011,4187,13045,3642,29589
2021,1,Salta,187574,53.93,187572,2,54768,89187,31498,5669,27,1090,200,40785,68149,9164,8139,54889
2021,1,San Juan,78267,39.06,78011,256,40072,11589,6671,11482,7,250,1940,60439,8580,11494,3400,276
2021,1,San Luis,119154,81.24,119006,148,8417,10678,28,63826,22,580,0,11889,2926,4429,62913,22
2021,1,Santa Cruz,46065,41.65,45868,197,12347,23089,5975,4264,8,500,0,30655,8334,6987,1337,647
2021,1,Santa Fe,826127,73.92,825990,137,277012,421480,70976,3914,28,5180,8910,201632,204458,91846,65476,236924
2021,1,Santiago Del Estero,111641,45.67,111640,1,26468,75849,570,5158,12,1230,9090,33884,58464,8549,7000,4868
2021,1,Tierra Del Fuego,40422,77.35,40133,289,12853,27247,6,0,9,170,0,21379,1468,4317,4860,919
2021,1,Tucumán,231912,54.82,231890,22,147199,12185,69954,1834,38,290,970,42810,53416,25255,4188,103437
2020,4,Provincia de Buenos Aires,4033261,68.98,4028195,5066,635651,2441248,804991,93444,50,36939,31197,1109865,242243,214171,213588,2176242
2020,4,Capital Federal,1379530,108.31,1378140,1390,163060,1142528,39890,4815,67,1350,2440,160210,78123,60208,80269,1000073
2020,4,Catamarca,52396,49.41,52395,1,26870,5115,17856,3220,38,710,0,8843,874,11436,5910,20406
2020,4,Chaco,139091,43.03,139088,3,44332,61200,23687,7997,32,3010,1120,24782,22479,26802,15701,40949
2020,4,Chubut,130574,68.35,129749,825,45703,39756,3040,23363,7,1060,1090,88157,21824,12046,2818,1112
2020,4,Córdoba,902701,78.08,902646,55,267396,439322,125620,52827,35,1190,2386,214963,135262,82221,70013,384169
2020,4,Corrientes,125659,42.43,125656,3,50102,61495,3146,5626,25,670,5270,31900,26321,25687,9383,26789
2020,4,Entre Ríos,247381,59.47,247368,13,85683,113670,15653,20206,24,1050,2911,65659,53556,40755,166,53141
2020,4,Formosa,50206,32.49,50206,0,21264,10789,2432,15341,20,560,0,23540,7606,7181,1197,8946
2020,4,Jujuy,105851,53.46,105851,0,32850,52815,15639,1077,25,490,1820,23772,14379,4493,4460,19282
2020,4,La Pampa,96895,81.77,96779,116,9009,58945,15432,12194,10,2980,5540,70184,8124,6562,2396,6257
2020,4,La Rioja,52778,50.11,52775,3,17513,34984,1,2500,13,180,10,36906,606,4633,1810,4979
2020,4,Mendoza,215453,38.63,214838,615,91842,68364,36083,18331,11,280,400,146312,11172,40396,3378,11557
2020,4,Misiones,147161,42.64,147161,0,49462,79855,6589,4359,25,510,5240,39988,26078,26445,1481,32264
2020,4,Neuquén,133135,67.0,132762,373,30468,70614,13732,17689,34,1160,3270,56434,8478,5791,5493,50776
2020,4,Río Negro,141210,61.09,140709,501,48991,42022,17826,13994,22,1250,4660,70305,4153,13131,3512,29372
2020,4,Salta,187390,54.04,187388,2,56659,87817,30604,5858,25,1090,5140,41443,68829,15188,8291,46697
2020,4,San Juan,72596,36.32,72340,256,40072,7004,6599,10468,6,250,1940,61316,7400,5126,3320,275
2020,4,San Luis,119435,81.68,119287,148,8417,11767,27,63019,21,580,0,14020,349,2688,62239,22
2020,4,Santa Cruz,40674,37.0,40477,197,12347,19657,1041,4659,7,470,0,27173,4382,6634,1033,647
2020,4,Santa Fe,820813,73.58,820676,137,287271,414746,62692,38712,27,5180,8910,206372,203793,94246,65145,226246
2020,4,Santiago Del Estero,106669,43.75,106668,1,26812,70522,570,5169,11,1230,9090,34518,5759,4666,4110,4520
2020,4,Tierra Del Fuego,39614,76.27,39325,289,12853,26439,6,0,8,170,0,21881,6119,3497,4880,922
2020,4,Tucumán,231089,54.78,231067,22,149322,11150,68043,1834,36,290,970,44095,54334,32155,4105,93594
2020,3,Provincia de Buenos Aires,3937277,67.66,3932211,5066,653930,2384557,749087,94162,48,37542,31514,1113823,23471,219772,194248,2085815
2020,3,Capital Federal,1372675,107.68,1371285,1390,170375,1129573,39417,3936,64,2640,3120,162222,85083,68753,78028,977766
2020,3,Catamarca,49904,47.16,49903,1,26868,3690,16857,2610,37,630,0,8276,8768,11195,5620,18886
2020,3,Chaco,133954,41.54,133951,3,45745,58825,20675,6706,31,3080,1120,24675,21639,27546,13751,38729
2020,3,Chubut,130027,68.34,129202,825,45761,39386,2897,23216,7,1580,1090,87559,22114,12217,2818,1110
2020,3,Córdoba,867472,75.22,867417,55,276360,430771,102217,48368,34,1680,3064,218599,124833,84236,63823,361021
2020,3,Corrientes,123391,41.75,123388,3,50858,58681,2960,5513,24,720,5270,35190,23315,25308,8615,25344
2020,3,Entre Ríos,241495,58.19,241482,13,87892,106950,13954,20379,22,1300,2911,66648,51478,40797,14377,49395
2020,3,Formosa,49209,31.91,49209,0,21790,10003,2000,15023,18,3910,1510,23163,7432,7125,9910,8219
2020,3,Jujuy,106728,54.04,106728,0,32611,57682,11112,9520,22,550,1820,32131,10566,45198,2930,15238
2020,3,La Pampa,93735,79.26,93619,116,9015,56845,14677,11893,11,2930,8100,66695,782,5577,2189,6322
2020,3,La Rioja,52616,50.12,52613,3,17346,34984,1,2500,12,210,10,37105,5955,466,1240,4748
2020,3,Mendoza,207788,37.35,207173,615,91908,64672,32817,17523,10,580,400,141404,12123,42433,3448,8237
2020,3,Misiones,143186,41.6,143186,0,50195,77989,2572,3445,24,710,5240,39005,24215,25942,13663,30987
2020,3,Neuquén,129235,65.24,128862,373,30222,70446,11043,16787,31,2180,3270,60463,6561,5975,5449,49439
2020,3,Río Negro,131467,57.05,130966,501,49530,40001,10381,13187,21,1140,4660,68986,3769,7096,3455,28488
2020,3,Salta,180846,52.32,180844,2,58216,84128,25445,5764,25,1290,5140,32780,64736,1599,7928,43773
2020,3,San Juan,77327,38.79,77071,256,40092,9223,5509,14023,6,480,1940,65526,7110,6529,410,128
2020,3,San Luis,116565,79.96,116417,148,8401,10077,6,61828,21,1050,0,12199,3351,2666,61319,8
2020,3,Santa Cruz,39281,35.95,39084,197,12845,16098,1027,6938,7,660,0,26888,4015,673,6290,120
2020,3,Santa Fe,802998,72.12,802861,137,295051,405807,45721,37112,26,5680,1241,213353,199381,92095,58797,210562
2020,3,Santiago Del Estero,105492,43.38,105491,1,26419,70720,555,4185,11,1330,9090,33287,57418,4658,2920,3994
2020,3,Tierra Del Fuego,39655,76.81,39366,289,12854,26491,0,0,9,110,0,22094,5414,3726,4810,937
2020,3,Tucumán,223876,53.23,223854,22,149605,11752,59949,1808,35,520,970,45913,5461,33126,3246,84195
2020,2,Provincia de Buenos Aires,3777546,65.22,3772480,5066,661272,2244277,723072,91736,46,37542,31606,1129236,241336,233132,188995,1894466
2020,2,Capital Federal,1357821,106.41,1356431,1390,178896,1106133,39482,3937,60,2640,3120,166474,94585,79858,8016,935481
2020,2,Catamarca,47976,45.43,47975,1,26968,3641,14878,2610,35,630,0,8801,869,10242,4260,16578
2020,2,Chaco,128132,39.83,128129,3,46816,56017,17266,6452,28,3080,9280,24350,2114,29044,12082,33311
2020,2,Chubut,108656,57.34,107831,825,45761,38279,1324,17678,8,1580,1090,69578,22188,10537,1473,614
2020,2,Córdoba,836468,72.71,836413,55,282858,415007,85818,44522,31,1680,4383,219025,125932,8953,63216,325243
2020,2,Corrientes,118866,40.3,118863,3,51248,55536,3144,3927,22,720,5270,34242,22845,25844,7898,22418
2020,2,Entre Ríos,234113,56.54,234100,13,89391,99423,13954,20042,20,1300,3679,66758,5064,4209,12856,43391
2020,2,Formosa,47932,31.14,47932,0,21805,9353,1882,14723,17,3910,1510,23534,7109,6998,9610,7475
2020,2,Jujuy,94316,47.89,94316,0,32705,38938,5057,9520,16,550,1820,30548,10519,26829,2090,9417
2020,2,La Pampa,89809,76.1,89693,116,8551,54422,14232,11314,8,2930,8100,71218,7531,38,1657,3377
2020,2,La Rioja,52155,49.84,52152,3,16885,34984,1,2500,12,210,10,37375,5661,4686,730,4336
2020,2,Mendoza,201184,36.25,200569,615,91904,62941,29613,15924,9,580,400,142253,12439,35274,3248,5422
2020,2,Misiones,140340,40.89,140340,0,50792,74497,2579,3319,23,710,5240,39867,23719,26445,12305,28763
2020,2,Neuquén,126172,63.9,125799,373,30256,67990,11037,15755,29,2180,3270,61171,6103,6625,5296,46432
2020,2,Río Negro,129486,56.37,128985,501,49756,39650,10382,11331,20,1140,4660,70817,3335,7498,3246,26953
2020,2,Salta,177762,51.58,177760,2,59502,81740,24289,5123,23,1290,5140,41801,64463,16989,7741,39594
2020,2,San Juan,69777,35.09,69521,256,40092,8275,5509,7019,6,480,1940,59113,9170,4908,400,127
2020,2,San Luis,113952,78.41,113804,148,8401,8357,6,60935,21,1050,0,11439,3585,1934,60889,8
2020,2,Santa Cruz,38869,35.79,38672,197,12845,16044,1027,6585,7,660,0,26938,4166,6541,5460,119
2020,2,Santa Fe,777932,70.0,777795,137,299974,381679,46698,30487,24,5680,2061,213054,198772,96575,57236,189473
2020,2,Santiago Del Estero,105447,43.47,105446,1,25917,72074,355,3038,10,1330,1779,32557,57709,5178,2470,3328
2020,2,Tierra Del Fuego,39189,76.37,38900,289,12854,26025,0,0,8,110,0,22325,5186,3034,3910,796
2020,2,Tucumán,217156,51.78,217134,22,150084,9833,55120,1357,33,520,970,49028,54537,34184,2246,74377
2020,1,Provincia de Buenos Aires,3708051,64.33,3702985,5066,673237,2210349,720688,85443,45,38215,36802,1122034,236421,247977,20578,1802583
2020,1,Capital Federal,1353494,105.98,1352104,1390,184494,1097635,38898,3911,59,2640,3120,169651,102254,89665,85899,906009
2020,1,Catamarca,39635,37.62,39634,1,21945,3146,12056,2610,29,630,0,8838,7543,9558,4080,10299
2020,1,Chaco,120277,37.48,120274,3,46356,54144,11958,6239,26,3080,9280,23291,19976,29851,10416,28539
2020,1,Chubut,96738,51.27,95938,800,45763,27287,1324,16885,7,1580,1090,69586,12957,7756,124,614
2020,1,Córdoba,811099,70.69,811044,55,286168,406109,68512,41617,29,1420,5128,217229,120188,95827,65733,296875
2020,1,Corrientes,113970,38.73,113967,3,51126,53231,2172,2437,21,720,5270,33479,21382,26679,7351,19467
2020,1,Entre Ríos,231846,56.12,231833,13,90368,95434,13245,18737,19,1300,4081,72280,47132,41125,11988,39794
2020,1,Formosa,46434,30.23,46434,0,21068,8887,1800,1451,16,1127,3420,23761,65,6564,9640,6918
2020,1,Jujuy,91665,46.67,91665,0,32066,38938,3078,9420,14,550,1820,33120,9979,26693,1660,7349
2020,1,La Pampa,89226,75.77,89110,116,8553,53755,13821,11295,7,2930,8110,72740,7199,3029,1342,2113
2020,1,La Rioja,48340,46.35,48337,3,13076,34984,0,2510,8,210,10,37209,5158,464,220,1294
2020,1,Mendoza,183452,33.14,182837,615,91955,50251,28059,12465,8,580,400,140410,12285,17489,286,3818
2020,1,Misiones,133552,39.02,133552,0,51458,69452,1220,4600,22,710,5240,36622,21271,26433,11581,26313
2020,1,Neuquén,121727,61.85,121354,373,29305,65951,11031,14711,28,2180,3270,60152,5257,7123,5399,43738
2020,1,Río Negro,126200,55.12,125699,501,47756,38479,10381,11222,19,1140,4660,69154,293,7857,3199,25488
2020,1,Salta,170381,49.6,170379,2,60426,75593,23025,4125,21,1290,5140,38537,63714,17991,8625,34744
2020,1,San Juan,64231,32.39,63975,256,40092,6448,5508,7082,6,480,1940,59787,1594,1292,400,127
2020,1,San Luis,110552,76.31,110404,148,8301,7612,5,58301,21,1050,0,11322,4164,5250,58258,5
2020,1,Santa Cruz,38822,35.97,38625,197,12845,15766,1026,6817,6,670,110,27447,4993,5169,5290,119
2020,1,Santa Fe,771118,69.52,770981,137,302366,383673,35123,30488,22,6960,2994,217553,196826,10456,48448,173823
2020,1,Santiago Del Estero,102755,42.47,102754,1,24695,70424,200,2779,10,1330,1779,33086,56884,3737,1350,2799
2020,1,Tierra Del Fuego,38794,76.07,38505,289,12854,25632,0,0,7,110,10,22976,5024,1834,1960,518
2020,1,Tucumán,200067,47.85,200045,22,143184,10494,44687,1355,32,520,970,49555,50383,31096,173,67536
2019,4,Provincia de Buenos Aires,3686254,64.25,3681120,5134,720011,2191672,669194,87111,31,33489,27537,1177446,262297,247106,45257,1465133
2019,4,Capital Federal,1358105,106.25,1356695,1410,196938,1093143,35534,3914,44,3070,150,177098,110218,110852,20581,753805
2019,4,Catamarca,38311,36.44,38310,1,22999,3318,9506,2610,25,630,0,9945,7619,9305,8040,7477
2019,4,Chaco,117903,36.84,117900,3,48661,53602,8831,5229,23,830,0,25899,18959,30902,13516,21556
2019,4,Chubut,96102,51.15,95292,810,47045,26977,1324,15267,7,1580,40,69405,12945,7615,124,614
2019,4,Córdoba,806688,70.48,806633,55,296872,410038,53335,3775,26,1420,0,232781,118232,10933,114111,221742
2019,4,Corrientes,113834,38.77,113831,3,52525,51845,2002,2458,19,720,0,35055,2062,27367,9981,15744
2019,4,Entre Ríos,239030,57.99,239017,13,92981,99206,12875,18561,17,470,0,88203,44511,42962,18976,30153
2019,4,Formosa,46711,30.47,46711,0,21567,8684,1760,14531,15,1127,1910,24606,6319,6788,1766,5671
2019,4,Jujuy,88881,45.38,88881,0,32949,37604,873,8140,13,550,0,32920,9632,26764,1020,5286
2019,4,La Pampa,90399,76.92,90280,119,15457,56854,4942,11341,7,2930,3130,76747,69,1951,1287,1342
2019,4,La Rioja,49002,47.14,48999,3,13738,34984,0,2510,8,210,0,37846,5045,4763,220,1305
2019,4,Mendoza,185780,33.65,185157,623,96678,49711,24989,13672,8,7460,90,145139,12955,15237,2165,2628
2019,4,Misiones,135813,39.79,135813,0,53116,69676,847,4410,20,710,0,39664,2084,27305,15626,20799
2019,4,Neuquén,116445,59.36,116069,376,29826,60970,10549,14246,26,2180,10,57370,4439,7357,12059,35001
2019,4,Río Negro,127140,55.71,126636,504,49747,37933,9658,11437,17,1140,0,71847,2797,8558,6968,19837
2019,4,Salta,172445,50.35,172443,2,63272,76062,21865,304,19,1490,10,42159,67656,15369,1417,25821
2019,4,San Juan,64974,32.85,64715,259,41360,6338,4931,7241,6,480,10,60626,1594,1292,400,127
2019,4,San Luis,108201,74.92,108053,148,8569,8027,6,55266,21,1050,0,11901,4164,5250,55216,3
2019,4,Santa Cruz,39370,36.71,39170,200,13264,15899,1036,68,5,670,0,32368,4346,2224,70,8
2019,4,Santa Fe,769169,69.48,769019,150,312072,382254,27464,26978,21,6980,0,230234,190664,113527,70998,135576
2019,4,Santiago Del Estero,103588,42.92,103587,1,24682,71239,200,281,10,1330,9080,34911,56309,3756,1050,2449
2019,4,Tierra Del Fuego,40392,79.7,40101,291,13261,26821,0,0,7,110,0,23593,505,1848,1390,1962
2019,4,Tucumán,198644,47.65,198621,23,146985,11012,39574,7250,30,550,0,54544,52017,28916,6405,56707
2019,3,Provincia de Buenos Aires,3960233,69.36,3950114,10119,1277249,2144956,425386,85572,26,23892,44648,1432722,222812,260506,483572,1246209
2019,3,Capital Federal,1441211,112.65,1437734,3477,300288,1080973,24900,3895,39,1040,3680,269704,120924,138011,258591,655108
2019,3,Catamarca,32400,30.88,32391,9,24349,5543,13,2440,9,340,430,14449,9285,6333,720,15
2019,3,Chaco,114451,35.85,114438,13,50416,49156,8063,5224,20,690,1216,32764,28198,13336,12987,16740
2019,3,Chubut,89005,47.57,87481,1524,37298,27090,1917,15149,7,740,8400,62680,13033,7171,124,614
2019,3,Córdoba,783053,68.59,782946,107,307780,399231,30064,37277,23,830,5824,240151,106651,118486,146247,157546
2019,3,Corrientes,112759,38.49,112749,10,53344,50230,1888,2458,17,100,5970,42231,29628,10348,10388,12674
2019,3,Entre Ríos,238102,57.9,238057,45,94947,96305,12888,1853,15,190,4446,99656,56161,17064,21216,22645
2019,3,Formosa,46066,30.11,46066,0,21777,8359,1476,14292,13,111,3490,24943,6049,7117,2262,4443
2019,3,Jujuy,86576,44.32,86575,1,33110,35742,274,8120,12,270,8850,31722,924,26835,560,3671
2019,3,La Pampa,90828,77.45,90559,269,19469,52941,4994,11462,6,2370,3289,75849,5922,1611,1359,941
2019,3,La Rioja,49677,47.94,49659,18,14390,34984,11,2510,8,90,100,38657,4786,4887,220,1307
2019,3,Mendoza,224337,40.74,223015,1322,148640,54312,6865,12975,6,210,1269,206821,2958,10093,1263,349
2019,3,Misiones,133883,39.33,133883,0,54493,65872,829,4190,18,470,1928,43530,29375,11256,16107,16650
2019,3,Neuquén,125421,64.14,123435,1986,43347,60484,5560,13512,24,450,2258,62909,4586,9597,16923,28458
2019,3,Río Negro,144295,63.42,143391,904,67478,37425,9739,10806,16,470,1234,87435,2348,9779,10176,15505
2019,3,Salta,151835,44.48,151834,1,65799,74329,733,158,15,490,9000,43160,6223,14309,11418,12357
2019,3,San Juan,73098,37.06,72535,563,51670,7425,1227,7241,6,220,1710,68315,2245,1267,410,128
2019,3,San Luis,122700,85.23,122409,291,13037,10561,350,62286,20,570,1000,18643,5113,4670,62242,5
2019,3,Santa Cruz,37970,35.63,37642,328,10663,17056,969,6544,5,280,840,31612,4472,1203,270,4
2019,3,Santa Fe,760934,68.87,760706,228,319396,377171,18690,24269,18,6400,8184,242454,193286,107068,84325,97082
2019,3,Santiago Del Estero,133132,55.3,133130,2,24556,71198,219,2759,9,390,1832,35554,55172,3612,860,1836
2019,3,Tierra Del Fuego,48587,96.46,48043,544,19790,26659,651,0,7,60,140,32133,4692,1756,820,226
2019,3,Tucumán,164131,39.49,164099,32,150918,12089,116,6840,19,160,1100,71043,47693,24354,8430,20385
2019,2,Provincia de Buenos Aires,3855698,67.85,3845594,10104,1284658,2079900,382971,7524,22,199768,46852,1436259,217785,438663,502275,985767
2019,2,Capital Federal,1415620,110.55,1412177,3443,309937,1061358,36082,3962,30,740,1027,281370,124087,239691,296155,475991
2019,2,Catamarca,33635,32.13,33626,9,25682,5543,13,1460,9,340,430,16631,867,6049,340,10
2019,2,Chaco,108734,34.14,108721,13,50765,47448,4203,4727,16,690,1383,38488,26431,16789,15348,9904
2019,2,Chubut,87556,46.99,86038,1518,37313,26338,1917,14443,6,660,3952,69032,10049,1495,740,165
2019,2,Córdoba,775128,68.07,775023,105,314768,388254,23023,33847,18,810,8165,248427,100512,157458,170159,76053
2019,2,Corrientes,111549,38.16,111539,10,53835,47431,1701,2444,14,100,3012,40424,27774,13114,11928,7119
2019,2,Entre Ríos,235824,57.48,235780,44,97081,91081,12764,17369,12,180,5905,100687,52316,23196,24221,10664
2019,2,Formosa,46438,30.42,46438,0,21916,8686,1382,14292,11,111,3490,26512,5399,8384,2639,2258
2019,2,Jujuy,86707,44.51,86706,1,33022,30742,274,8120,12,270,9400,26233,8441,267,270,2600
2019,2,La Pampa,90205,77.08,89937,268,19471,52101,4840,10789,5,2360,3289,75406,5191,1366,1445,629
2019,2,La Rioja,50301,48.7,50283,18,15014,34984,11,2510,8,90,110,39819,4297,4857,130,1298
2019,2,Mendoza,223857,40.75,222535,1322,148673,54027,6865,12748,6,200,2522,205165,2971,10092,1256,234
2019,2,Misiones,132878,39.15,132878,0,55373,64272,543,4210,14,470,2226,45769,27385,15408,18882,8129
2019,2,Neuquén,122953,63.08,120954,1999,43420,59021,4983,12792,17,3020,3038,61776,4688,17318,2121,14132
2019,2,Río Negro,138547,61.09,137632,915,67841,36527,4037,10485,12,3840,1354,86366,2201,10291,12407,6907
2019,2,Salta,142568,41.89,142567,1,68827,62343,725,121,13,490,9740,59638,36923,16961,14059,6461
2019,2,San Juan,70025,35.6,69461,564,51680,7425,1174,287,6,220,2130,60913,2177,7850,70,4
2019,2,San Luis,117385,81.79,117094,291,11130,10298,347,57242,20,570,1020,16575,4964,4670,57236,5
2019,2,Santa Cruz,30550,28.85,30225,325,10665,10257,379,6514,6,250,840,24861,3806,1202,280,4
2019,2,Santa Fe,743484,67.42,743258,226,325420,355140,18236,2198,15,3210,8427,300124,125176,129741,100131,49865
2019,2,Santiago Del Estero,126754,52.79,126752,2,24393,64783,219,2759,7,390,1832,63268,21362,3741,1080,1205
2019,2,Tierra Del Fuego,47454,94.8,46910,544,19790,25527,651,0,6,60,1230,41824,4241,1573,960,32
2019,2,Tucumán,166331,40.14,166299,32,153121,12089,116,6840,19,160,1570,78891,44296,24291,6280,18394
2019,1,Provincia de Buenos Aires,3746667,66.24,3736563,10104,1304507,2020730,336362,64867,20,162513,72296,1429964,202511,576428,576859,705769
2019,1,Capital Federal,1399600,109.2,1396157,3443,328246,1030814,32281,3978,25,740,7417,283787,131007,330122,365713,283463
2019,1,Catamarca,33622,32.19,33613,9,26912,4443,16,0,8,340,1708,18761,6443,5606,290,7
2019,1,Chaco,103677,32.64,103664,13,53409,43555,1951,3628,13,690,3801,38719,25632,18965,12393,6368
2019,1,Chubut,79778,43.0,78260,1518,37302,23065,1923,14443,6,660,3938,71077,6571,7870,740,165
2019,1,Córdoba,744115,65.52,744010,105,323272,363959,19902,24615,16,810,20403,242769,96997,200681,127965,50716
2019,1,Corrientes,102487,35.13,102477,10,55842,43444,1615,1528,12,100,647,38402,26562,15498,9688,5029
2019,1,Entre Ríos,232447,56.79,232403,44,100999,90253,12723,16231,11,180,9217,107013,50068,28957,18146,7619
2019,1,Formosa,45211,29.68,45211,0,22570,7878,940,13761,10,111,3023,23085,5301,9027,2099,1654
2019,1,Jujuy,90147,46.41,90146,1,33248,12484,153,6400,9,270,2817,30727,7811,4021,300,1141
2019,1,La Pampa,89160,76.35,88892,268,18832,57373,2891,9023,5,2360,8327,70538,4466,1061,1354,405
2019,1,La Rioja,51656,50.18,51638,18,16367,34984,12,2520,7,90,1169,40285,4088,5216,170,869
2019,1,Mendoza,206298,37.66,204976,1322,148524,40205,5662,10363,6,200,1786,205383,2837,5702,1110,140
2019,1,Misiones,122720,36.26,122720,0,54898,59214,465,4260,13,470,5946,45266,2589,19111,16552,5167
2019,1,Neuquén,114377,58.88,112321,2056,40747,55634,3114,1251,16,1328,3055,52360,1781,21452,17135,11026
2019,1,Río Negro,121088,53.57,120173,915,68377,34124,3994,9736,10,3840,1583,84845,2037,13615,9567,5076
2019,1,Salta,136020,40.1,136019,1,74426,57933,647,1135,10,490,4232,59244,36473,2291,10861,2242
2019,1,San Juan,62445,31.83,61881,564,51660,5838,808,2932,6,220,2290,62380,2660,5200,30,2
2019,1,San Luis,96335,67.34,96044,291,11108,7784,378,53097,9,570,1200,21380,53214,3450,60,2
2019,1,Santa Cruz,24905,23.67,24580,325,10659,4615,382,6514,6,250,1280,21990,2731,7020,260,4
2019,1,Santa Fe,737078,66.97,736851,227,340038,340344,15621,23215,13,3330,2935,296798,122959,153212,74575,36502
2019,1,Santiago Del Estero,89853,37.52,89851,2,25337,61547,23,2847,6,390,3372,62895,20691,3959,850,494
2019,1,Tierra Del Fuego,46447,93.38,45903,544,19789,23549,1623,0,6,60,1310,38851,3623,6410,800,29
2019,1,Tucumán,172002,41.63,171970,32,159215,11670,118,6780,17,160,5188,82240,42877,2621,8470,14839
2018,4,Provincia de Buenos Aires,3636606,64.6,3626502,10104,1305576,1949637,296102,65477,17,134673,73761,1422463,194426,577679,949093,265386
2018,4,Capital Federal,1389020,108.27,1385577,3443,328253,1019490,33042,3978,23,740,7388,283281,143309,330496,437662,186810
2018,4,Catamarca,33583,32.23,33574,9,26912,4443,16,0,8,340,1669,17955,6425,5461,290,7
2018,4,Chaco,103270,32.59,103257,13,53409,43555,1940,3236,13,690,3405,36437,25633,18965,12393,6368
2018,4,Chubut,78722,42.61,77204,1518,37215,23065,952,14443,6,660,3917,66061,6215,5310,6230,165
2018,4,Córdoba,737339,65.09,737234,105,328854,355716,17675,21851,16,810,24102,228475,97277,201639,128053,48809
2018,4,Corrientes,100601,34.57,100591,10,55842,42418,796,1515,12,100,6438,37376,26562,15498,9688,5029
2018,4,Entre Ríos,222047,54.37,222003,44,101168,86198,4853,15472,11,180,8769,94780,50027,29002,18146,7612
2018,4,Formosa,45204,29.74,45204,0,22619,7880,887,13761,10,111,3074,22962,5285,9027,2092,1654
2018,4,Jujuy,90133,46.53,90132,1,33248,12484,153,6400,9,270,2803,30727,7811,4021,300,1141
2018,4,La Pampa,85636,73.49,85368,268,18832,55337,2685,7772,4,2410,7727,70508,3661,9780,1328,270
2018,4,La Rioja,51651,50.35,51633,18,16367,34984,12,2520,7,90,1164,40285,4088,5216,170,869
2018,4,Mendoza,206304,37.76,204982,1322,148524,40205,5665,10363,6,200,1463,197450,2494,4726,190,132
2018,4,Misiones,116273,34.45,116273,0,55500,53673,465,4260,12,470,5981,43267,26019,19226,16566,5167
2018,4,Neuquén,114365,59.07,112309,2056,40747,55634,3115,12425,16,1328,3044,52313,1781,21452,17135,11025
2018,4,Río Negro,116837,51.86,115922,915,68377,34292,1299,8037,10,3840,1225,83412,6430,1344,9569,5070
2018,4,Salta,134578,39.8,134577,1,74295,57539,638,2530,10,490,3659,58492,36365,2291,10861,2242
2018,4,San Juan,62398,31.9,61834,564,51660,5838,806,2883,6,220,1465,59811,1800,3120,10,1
2018,4,San Luis,96331,67.55,96040,291,11108,7784,378,53097,9,570,1090,19164,53183,1190,620,2
2018,4,Santa Cruz,24768,23.69,24443,325,10659,4615,382,6378,5,250,1150,23107,7790,2060,10,4
2018,4,Santa Fe,720390,65.59,720161,229,335519,322782,14387,18705,13,3350,31397,276301,121009,152039,74432,36427
2018,4,Santiago Del Estero,89335,37.4,89333,2,25339,61243,23,2649,6,390,325,61347,20127,3686,770,483
2018,4,Tierra Del Fuego,46260,93.59,45716,544,19789,23349,1623,0,7,60,270,29919,6323,9894,240,67
2018,4,Tucumán,172004,41.76,171972,32,159215,11670,119,6860,17,160,5244,82089,42766,26111,8470,14839
2018,3,Provincia de Buenos Aires,3610277,64.44,3599714,10563,1435856,1929273,156382,62318,17,9910,80459,1445733,190805,63609,897964,237248
2018,3,Capital Federal,1392490,108.45,1385804,6686,334353,1009252,35694,3872,22,730,8493,287919,147253,370677,41502,165055
2018,3,Catamarca,34226,32.92,34215,11,27553,4443,15,10,8,340,1994,18475,6358,532,340,7
2018,3,Chaco,102033,32.28,102021,12,53927,42359,1990,2628,13,700,3503,38729,24916,20335,11085,5667
2018,3,Chubut,103736,56.39,101310,2426,58887,23065,1239,13817,6,670,3951,91096,6162,5310,6230,164
2018,3,Córdoba,725858,64.24,725764,94,337620,342401,15785,19213,15,810,24767,224471,96372,221984,109333,39854
2018,3,Corrientes,99456,34.25,99445,11,56444,41300,212,1468,11,110,6754,38364,24953,16601,8357,4419
2018,3,Entre Ríos,204608,50.22,204560,48,103318,83714,2403,15093,11,180,9048,96095,45651,31353,15111,6786
2018,3,Formosa,44865,29.58,44865,0,22777,7589,817,13625,9,111,3365,22624,5259,9336,1729,1434
2018,3,Jujuy,44935,23.26,44934,1,33363,10856,32,6410,8,3450,302,29048,7756,4066,390,623
2018,3,La Pampa,83424,71.75,83180,244,12415,54574,8437,7011,4,2420,8417,68507,3153,9200,1189,216
2018,3,La Rioja,51872,50.73,51855,17,16587,34984,13,2530,6,90,1291,40647,4138,5425,200,339
2018,3,Mendoza,207029,37.99,205545,1484,151033,40205,5744,8195,6,200,1525,199297,2476,4727,270,129
2018,3,Misiones,108042,32.1,108042,0,56290,50793,512,3910,12,480,5749,39617,24747,21212,14674,4547
2018,3,Neuquén,116718,60.49,114713,2005,46602,54129,998,12277,15,1396,2244,55822,1647,23785,15218,9718
2018,3,Río Negro,113492,50.54,112433,1059,68590,33474,1252,5051,10,4090,5221,75929,5120,14912,847,4332
2018,3,Salta,132883,39.43,132882,1,76600,53980,678,2340,9,1160,3721,61795,32782,25582,9224,502
2018,3,San Juan,64481,33.05,63823,658,54025,5838,826,2744,6,220,1326,62525,1800,3120,30,1
2018,3,San Luis,74421,52.35,74121,300,11096,7784,368,52859,9,570,1090,19170,5294,1190,630,2
2018,3,Santa Cruz,33999,32.73,33565,434,18606,4574,585,6238,5,260,1160,32815,7780,2060,10,3
2018,3,Santa Fe,695100,63.41,694883,217,339126,312866,11749,16337,12,4670,36786,269211,115907,162545,62479,31266
2018,3,Santiago Del Estero,86360,36.25,86358,2,25805,58789,23,1662,6,410,255,60260,19116,3806,640,265
2018,3,Tierra Del Fuego,45564,92.77,45056,508,19365,22649,1502,10,6,60,1870,41569,227,2310,240,13
2018,3,Tucumán,171166,41.68,171135,31,161209,9280,110,2520,15,160,5993,81559,43282,27062,9410,12187
2018,2,Provincia de Buenos Aires,3500699,62.78,3490134,10565,1450203,1807868,143626,71256,15,1009,81354,1459443,295457,816056,536049,199589
2018,2,Capital Federal,1369186,106.53,1362498,6688,342431,977916,35610,3908,19,730,9234,290291,219166,445345,264805,142253
2018,2,Catamarca,34089,32.86,34078,11,27444,4415,15,10,8,340,2414,14624,6112,4347,360,6
2018,2,Chaco,98521,31.25,98509,12,54134,40750,562,1946,12,700,2968,34167,24282,21887,9251,4630
2018,2,Chubut,100564,54.9,98137,2427,58935,19591,1239,1407,5,670,4471,85598,5369,40,50,9
2018,2,Córdoba,713073,63.27,712979,94,345141,327636,13832,16355,14,810,21779,219630,102596,244291,78852,34950
2018,2,Corrientes,97957,33.81,97946,11,56541,39715,201,1468,11,110,7047,38268,24066,17926,678,3862
2018,2,Entre Ríos,199985,49.2,199937,48,104811,80376,2405,12313,10,180,8179,94459,4457,34281,12012,5920
2018,2,Formosa,44554,29.43,44554,0,23543,7311,18,13625,9,111,3568,22409,5176,9727,1313,1243
2018,2,Jujuy,45133,23.43,45132,1,33571,10856,23,6400,6,3450,332,29319,8083,3977,440,7
2018,2,La Pampa,82421,71.04,82177,244,12416,53587,8420,7011,4,2440,8797,68083,2409,9650,9690,179
2018,2,La Rioja,51948,50.98,51931,17,16663,34984,13,2530,6,90,1384,40679,4198,564,200,15
2018,2,Mendoza,200952,36.97,199468,1484,152938,36872,3084,6206,6,200,1658,164596,5150,2660,170,72
2018,2,Misiones,106147,31.63,106147,0,57265,47923,512,3910,12,480,6092,39489,23569,23747,11888,3866
2018,2,Neuquén,115848,60.24,113842,2006,46633,52855,998,12649,13,1396,2408,56035,1314,26417,12442,8551
2018,2,Río Negro,112235,50.15,111176,1059,68667,32795,1252,4396,10,4090,5298,75056,5230,1648,6663,3725
2018,2,Salta,134167,39.94,134166,1,78386,53478,678,2340,9,1160,399,61763,33285,28431,7239,182
2018,2,San Juan,64101,32.95,63443,658,54080,5068,826,3079,6,220,1378,57591,110,0,30,0
2018,2,San Luis,21468,15.15,21168,300,11104,7666,368,160,6,570,1010,11992,110,0,70,2
2018,2,Santa Cruz,34405,33.33,33970,435,18615,4474,585,6734,5,260,1200,28600,6550,1000,10,3
2018,2,Santa Fe,684552,62.57,684243,309,337934,304349,11354,15801,12,7440,34267,262603,112143,17554,50525,26512
2018,2,Santiago Del Estero,83775,35.26,83773,2,26074,55935,23,1662,6,410,2717,41362,18721,3278,310,31
2018,2,Tierra Del Fuego,44707,91.61,44199,508,19372,22756,531,10,6,60,1880,40912,2217,750,0,0
2018,2,Tucumán,169957,41.51,169926,31,160315,8965,110,2520,14,160,6735,79899,44968,27059,1084,8784
2018,1,Provincia de Buenos Aires,3475446,62.63,3464882,10564,1452061,1793884,133928,64379,14,1514,74766,1445752,292732,886678,480237,184203
2018,1,Capital Federal,1366570,106.24,1359882,6688,349995,968483,35535,3164,18,890,10039,292566,222737,487826,227953,127384
2018,1,Catamarca,33945,32.79,33934,11,27300,4415,15,10,8,340,2896,14770,6145,3539,410,4
2018,1,Chaco,96937,30.83,96925,12,54879,40157,383,3880,12,700,3261,32516,24488,23296,8219,3897
2018,1,Chubut,97959,53.72,95532,2427,56375,19591,1194,1407,5,670,4314,83161,5358,40,50,9
2018,1,Córdoba,713926,63.52,713825,101,349342,326894,13178,13237,13,2810,23922,222815,1043,266259,57137,29228
2018,1,Corrientes,94417,32.66,94406,11,56937,35225,888,1334,11,110,5005,37152,24038,19068,589,3256
2018,1,Entre Ríos,197394,48.68,197346,48,106998,75751,3789,10776,10,180,8861,90080,45599,37401,9818,5071
2018,1,Formosa,32328,21.4,32328,0,23556,7095,17,1603,11,111,3803,10092,5117,10061,1091,1046
2018,1,Jujuy,44406,23.12,44405,1,33856,10456,23,280,7,3450,4807,27219,8044,3925,490,4
2018,1,La Pampa,83064,71.75,82668,396,10807,51389,8386,10556,4,2450,8119,67104,1616,1076,6140,98
2018,1,La Rioja,52245,51.44,52228,17,16960,34984,13,2530,6,90,1485,40680,4217,5831,190,1
2018,1,Mendoza,200947,37.07,199463,1484,152931,36872,3086,6206,6,200,1662,164599,5010,2660,190,72
2018,1,Misiones,103580,30.96,103580,0,56311,46880,328,50,12,480,47,35820,23291,26223,10241,3219
2018,1,Neuquén,117903,61.52,115897,2006,46714,55072,1000,12404,12,1396,2367,59468,1311,29012,9709,7378
2018,1,Río Negro,111119,49.82,110057,1062,68769,31712,1251,4259,9,4090,5333,74894,5300,17997,4972,3129
2018,1,Salta,133183,39.78,133182,1,79936,51534,118,2040,9,1160,4459,60334,33088,30771,5145,88
2018,1,San Juan,63268,32.61,62610,658,54080,5068,826,2246,6,220,1058,57078,110,0,30,0
2018,1,San Luis,21396,15.15,21096,300,11104,7594,368,160,6,570,1010,11920,110,0,70,2
2018,1,Santa Cruz,34405,33.55,33970,435,18615,4474,1799,6734,5,260,1200,28600,6550,1000,10,3
2018,1,Santa Fe,680026,62.28,679717,309,341997,300421,10674,11636,11,1359,33639,262008,108576,1889,39589,22801
2018,1,Santiago Del Estero,82918,34.99,82916,2,26788,54594,23,1432,6,410,291,41298,18914,3449,330,2
2018,1,Tierra Del Fuego,31614,65.2,31106,508,19372,9663,531,10,6,60,3070,33987,20,0,0,0
2018,1,Tucumán,168057,41.18,168026,31,158611,8921,107,3680,9,160,7472,78811,45675,26405,1218,7082
2017,4,Provincia de Buenos Aires,3181896,57.61,3171206,10690,1241172,1718013,131181,60082,13,3865,55046,1551194,264645,712513,33514,151747
2017,4,Capital Federal,1582324,122.9,1575418,6906,571363,961688,36277,3119,15,3140,31411,517018,28404,45812,178396,114939
2017,4,Catamarca,29558,28.62,29548,10,27083,263,11,10,8,340,3182,15315,5904,2927,430,2
2017,4,Chaco,96615,30.81,96603,12,55035,39690,389,3800,12,700,3432,37144,24088,20123,729,3289
2017,4,Chubut,93440,51.46,91012,2428,56378,15097,1187,1407,5,670,4313,83676,5355,70,50,9
2017,4,Córdoba,709979,63.33,709874,105,349710,324709,12778,12043,12,2910,25411,280837,102892,217602,40898,24251
2017,4,Corrientes,93771,32.52,93760,11,56786,34722,894,1334,10,110,522,41080,23686,16046,5053,2675
2017,4,Entre Ríos,193703,47.89,193654,49,107764,73692,1894,10267,9,1685,9078,95466,45189,3001,7958,4113
2017,4,Formosa,32056,21.27,32056,0,23410,6973,19,1603,10,111,4061,13220,4867,6996,9770,824
2017,4,Jujuy,43552,22.74,43551,1,33844,9626,20,280,7,3450,5364,26566,7721,3507,440,3
2017,4,La Pampa,82071,71.05,81675,396,10808,50495,8272,10569,4,3100,8729,66053,1227,7920,3910,81
2017,4,La Rioja,52194,51.57,52177,17,16912,34984,14,2530,6,90,1488,40777,4083,5813,220,3
2017,4,Mendoza,180151,33.33,178661,1490,152896,16114,3015,6206,6,260,1656,177646,4380,2780,290,81
2017,4,Misiones,103895,31.14,103895,0,56271,47470,95,50,11,1053,39,41723,23131,22262,9091,2735
2017,4,Neuquén,116971,61.24,114965,2006,46739,54119,1017,12404,11,1396,2372,68036,1325,22781,7528,6300
2017,4,Río Negro,109764,49.38,108702,1062,68690,30451,1250,4259,8,4090,5598,81078,4850,12502,3447,2440
2017,4,Salta,132812,39.8,132811,1,80705,50446,127,1580,8,6360,4275,73284,32842,18968,3559,84
2017,4,San Juan,58624,30.3,57965,659,54079,451,812,2246,6,220,1062,57525,90,0,20,2
2017,4,San Luis,14904,10.59,14604,300,11104,1119,335,170,6,590,1010,12822,80,0,10,7
2017,4,Santa Cruz,29452,28.91,29018,434,18614,1668,582,4638,5,680,780,29073,6550,1000,10,3
2017,4,Santa Fe,672460,61.71,672137,323,341680,293831,10602,10965,10,3109,34132,309998,108939,151329,30736,19602
2017,4,Santiago Del Estero,68844,29.13,68842,2,27313,40407,19,1025,6,410,3091,43544,18773,3359,320,2
2017,4,Tierra Del Fuego,28854,59.89,28346,508,19372,6906,530,10,5,60,3100,31334,20,0,0,0
2017,4,Tucumán,162332,39.9,162298,34,156583,5223,105,1020,9,1050,8164,78750,45241,24318,1303,4367
2017,3,Provincia de Buenos Aires,3057960,55.63,3046758,11202,1288025,1571180,124920,35058,8,6577,51411,1733479,311652,676137,140812,108400
2017,3,Capital Federal,1570359,121.86,1563289,7070,583249,941092,33481,2814,11,2830,33924,590689,311411,4263,120675,91917
2017,3,Catamarca,33478,32.49,33467,11,26873,4411,12,10,5,520,3204,15383,5758,2563,500,1
2017,3,Chaco,93759,29.98,93747,12,54888,37307,456,360,8,950,3496,40059,23008,20307,3827,2004
2017,3,Chubut,83544,46.22,81067,2477,56359,5645,1217,13503,3,4360,3989,71843,2336,30,0,0
2017,3,Córdoba,696644,62.31,696536,108,344580,319360,10579,7137,9,3270,26154,309161,100113,189302,38131,16741
2017,3,Corrientes,92548,32.17,92536,12,56247,33993,947,1334,7,240,5629,44305,22785,15576,2635,1607
2017,3,Entre Ríos,185464,45.96,185414,50,107774,69596,1786,6245,7,1691,7545,98032,42947,29011,3878,2397
2017,3,Formosa,32105,21.35,32105,0,22647,6816,428,2202,7,1063,3716,13752,5187,6056,8990,459
2017,3,Jujuy,43242,22.65,43241,1,33796,9395,20,230,5,3370,5723,26835,7369,2962,410,2
2017,3,La Pampa,79690,69.14,79280,410,11378,49679,5153,11536,3,3430,8244,64794,8550,5880,3270,51
2017,3,La Rioja,51913,51.47,51896,17,16638,34984,14,2520,5,160,1497,40882,3899,5604,230,3
2017,3,Mendoza,192491,35.7,190958,1533,154036,33788,2772,290,4,320,950,158461,1150,670,290,19
2017,3,Misiones,100476,30.21,100476,0,56472,43880,110,50,8,1058,4123,42900,22808,23913,3843,1881
2017,3,Neuquén,115784,60.83,113755,2029,48001,52468,1044,11576,8,2036,1457,72532,1034,20213,7067,4937
2017,3,Río Negro,107496,48.52,106393,1103,69301,30018,1106,3054,5,4220,5641,83900,3060,10116,2965,1659
2017,3,Salta,132518,39.84,132517,1,80782,50284,127,1580,6,6450,4494,78830,32433,1462,2315,63
2017,3,San Juan,62449,32.37,61789,660,54499,5068,816,1053,3,310,1077,57582,10,0,20,2
2017,3,San Luis,21719,15.48,21408,311,11407,7576,347,260,4,630,30,12325,70,0,10,7
2017,3,Santa Cruz,33690,33.29,33222,468,19220,5487,1544,4552,4,1880,230,29102,5420,660,330,1
2017,3,Santa Fe,662342,60.91,662086,256,322953,290655,6338,4897,8,3116,34019,320017,104453,125339,24536,12982
2017,3,Santiago Del Estero,82794,35.12,82792,2,27733,54096,19,9110,5,690,3288,40435,18489,3047,300,2
2017,3,Tierra Del Fuego,31466,65.74,30883,583,21587,7012,622,10,3,90,2970,33858,0,0,0,0
2017,3,Tucumán,161012,39.7,160979,33,154130,6431,106,400,6,1090,8948,83070,45302,20514,1361,655
2017,2,Provincia de Buenos Aires,3078631,56.27,3067430,11201,1378549,1535037,119132,21555,7,7548,47472,1910156,299009,573298,93059,46178
2017,2,Capital Federal,1600191,124.06,1592175,8016,615262,932466,38628,2819,9,5560,35663,726223,30497,378571,80234,37977
2017,2,Catamarca,26705,25.98,26692,13,26401,255,14,10,5,150,3318,15655,5325,2342,470,1
2017,2,Chaco,90611,29.05,90597,14,54449,35613,458,520,8,1910,3733,42590,22349,18044,3157,545
2017,2,Chubut,63975,35.55,62245,1730,43994,1067,916,13194,3,4030,4186,73760,188,0,0,0
2017,2,Córdoba,657638,58.97,657505,133,341748,303488,4451,6446,7,2510,26862,370865,88479,146683,20351,5069
2017,2,Corrientes,90097,31.39,90085,12,55262,33192,258,1354,7,150,5912,46483,21776,13043,2218,647
2017,2,Entre Ríos,182732,45.39,182675,57,108309,67650,254,6448,6,168,7944,104422,418,23524,2604,823
2017,2,Formosa,29956,19.97,29956,0,22493,6410,17,1023,6,1486,3419,14787,4795,4583,7490,139
2017,2,Jujuy,42657,22.4,42656,1,33742,8858,22,0,5,3110,5877,26915,6974,2538,420,1
2017,2,La Pampa,73022,63.49,72573,449,12754,48310,5194,6253,3,3560,8633,59045,5580,3360,2440,21
2017,2,La Rioja,16289,16.2,16271,18,16244,0,15,20,6,90,1554,9304,3599,1796,240,2
2017,2,Mendoza,170753,31.76,169302,1451,153331,13030,2581,270,4,1090,240,177203,920,500,50,22
2017,2,Misiones,99794,30.09,99794,0,56752,42925,103,50,8,1011,4447,47244,22033,21599,2892,570
2017,2,Neuquén,117433,61.91,115321,2112,51794,50283,1133,11545,7,1542,1395,81272,8490,18051,4774,1703
2017,2,Río Negro,101619,46.02,100621,998,67038,29147,961,3213,5,9730,5606,88085,2450,799,1921,559
2017,2,Salta,108541,32.74,108540,1,80184,27280,115,1580,6,5940,4719,67576,23185,11333,1068,76
2017,2,San Juan,51881,26.96,51261,620,48670,451,772,1073,3,150,1930,58588,0,0,0,4
2017,2,San Luis,13307,9.51,12992,315,11432,1120,354,260,4,80,40,14014,0,0,10,2
2017,2,Santa Cruz,26388,26.25,26019,369,15311,2722,1365,4735,4,1880,240,30913,5410,660,330,0
2017,2,Santa Fe,567280,52.27,566918,362,329813,228102,3234,4958,7,4967,38721,311830,92854,97563,16794,4275
2017,2,Santiago Del Estero,33196,14.12,33194,2,28337,3900,19,9110,5,260,3539,20384,6432,2802,160,0
2017,2,Tierra Del Fuego,32557,68.46,31938,619,22636,6905,665,10,3,160,2850,35409,0,0,0,0
2017,2,Tucumán,154411,38.19,154374,37,149013,5223,116,140,6,960,9236,83342,42536,17788,1371,21
2017,1,Provincia de Buenos Aires,3189376,58.57,3178174,11202,1559178,1465817,118839,212,7,6017,83918,2057698,402315,52354,90937,22299
2017,1,Capital Federal,1399046,108.37,1391030,8016,428801,918328,38259,273,8,5100,1409,678922,218487,277195,66536,19881
2017,1,Catamarca,26317,25.66,26304,13,26020,248,14,10,5,150,3328,15861,4901,2161,490,0
2017,1,Chaco,89050,28.62,89036,14,54430,34277,252,520,7,1910,3835,44544,21467,15671,3025,314
2017,1,Chubut,63896,35.66,62166,1730,43994,999,916,13194,3,4010,4182,73759,1808,0,0,0
2017,1,Córdoba,641199,57.65,641066,133,335673,293479,4871,5782,7,500,28732,391556,82011,118643,19035,2071
2017,1,Corrientes,88608,30.94,88596,12,54993,31994,236,1354,6,150,604,48149,20586,11468,2044,303
2017,1,Entre Ríos,180353,44.91,180296,57,108509,65095,230,6448,6,168,808,108379,39146,20562,2254,317
2017,1,Formosa,29705,19.84,29705,0,22438,6215,16,1023,6,1535,3538,15473,4446,4058,6350,22
2017,1,Jujuy,43203,22.76,43202,1,33869,9278,22,0,4,3300,6213,27824,6486,2306,440,0
2017,1,La Pampa,71913,62.67,71458,455,12754,47195,5194,6253,3,3620,9279,57739,3310,1920,1650,11
2017,1,La Rioja,16225,16.2,16207,18,16180,0,15,20,5,90,1578,9486,3409,1718,220,2
2017,1,Mendoza,170733,31.84,169282,1451,153326,13030,2581,270,4,1060,150,177201,860,500,50,22
2017,1,Misiones,97619,29.52,97619,0,57363,40142,101,50,7,101,4665,45950,23847,19356,2627,166
2017,1,Neuquén,115339,61.02,113227,2112,51771,48109,1124,11665,6,1547,1418,83813,9020,1513,4223,458
2017,1,Río Negro,101288,46.03,100288,1000,67075,28785,954,3213,4,9860,5647,89622,2460,6738,1594,200
2017,1,Salta,107633,32.58,107632,1,79837,26845,114,1580,5,5790,4861,70922,21554,9386,2670,74
2017,1,San Juan,51873,27.04,51253,620,48670,451,772,1073,3,80,1920,58588,0,0,0,4
2017,1,San Luis,13307,9.55,12992,315,11432,1120,354,260,4,80,40,14014,0,0,10,2
2017,1,Santa Cruz,26486,26.52,26116,370,15502,2722,1272,4733,4,1900,230,31078,4740,680,300,0
2017,1,Santa Fe,562882,51.97,562520,362,327458,226094,3210,4948,6,4966,39463,340418,77152,83008,15775,1831
2017,1,Santiago Del Estero,34475,14.7,34473,2,29616,3900,19,9110,5,260,3772,21659,6218,2786,170,0
2017,1,Tierra Del Fuego,32557,68.92,31938,619,22636,6905,665,10,3,160,2850,35409,0,0,0,0
2017,1,Tucumán,152771,37.9,152734,37,147373,5223,116,140,6,960,9682,86470,39155,15951,1383,13
2016,4,Provincia de Buenos Aires,3142701,61.24,3131499,11202,1563542,1414676,118747,21394,6,6055,86281,2085605,403575,467398,72348,17279
2016,4,Capital Federal,1401459,120.63,1393443,8016,434835,914952,38161,2583,8,5170,1477,704324,225723,264582,53506,16756
2016,4,Catamarca,27034,26.54,27021,13,26735,250,14,10,5,150,3478,16519,4889,2077,540,0
2016,4,Chaco,88847,28.79,88833,14,54974,33534,248,520,7,1910,3983,45634,21323,14887,2586,250
2016,4,Chubut,63765,36.07,62035,1730,43994,955,916,13107,3,4010,4493,73951,1352,0,0,0
2016,4,Córdoba,636555,57.7,636422,133,337368,289344,3368,5686,6,500,2938,404645,77966,108368,15458,1606
2016,4,Corrientes,88096,30.98,88084,12,54981,31497,233,1354,6,150,6109,48995,20187,10908,1645,234
2016,4,Entre Ríos,180245,45.21,180188,57,109359,64141,226,6448,6,168,8253,110296,38491,19509,1801,280
2016,4,Formosa,29513,19.85,29513,0,22400,6061,16,1023,6,1573,3519,15791,4114,3855,6490,17
2016,4,Jujuy,42625,22.65,42624,1,33838,8731,22,0,4,3030,6225,27778,6143,2134,430,0
2016,4,La Pampa,71828,63.02,71368,460,12754,47245,5054,6253,3,3680,9789,56694,160,3350,1320,11
2016,4,La Rioja,16316,16.46,16298,18,16270,0,16,20,5,90,1646,9635,3334,1675,130,3
2016,4,Mendoza,170725,32.11,169274,1451,153320,13030,2579,270,4,1140,160,177194,790,490,50,20
2016,4,Misiones,97390,29.72,97390,0,57983,39294,100,50,7,101,4783,47454,23433,18371,2215,126
2016,4,Neuquén,113835,60.87,111723,2112,51742,46389,1124,1191,6,1539,1406,84859,7920,14153,3073,271
2016,4,Río Negro,101020,46.39,100020,1000,67057,28474,954,3274,4,9980,2953,92967,2480,6317,1174,122
2016,4,Salta,106935,32.69,106934,1,79389,26657,110,1580,5,5770,5027,71636,20787,8611,2390,70
2016,4,San Juan,51921,27.29,51301,620,48670,451,772,1121,3,80,2200,58608,0,0,0,4
2016,4,San Luis,13307,9.64,12992,315,11432,1120,354,260,4,80,40,14014,0,0,10,2
2016,4,Santa Cruz,26464,27.05,26094,370,15607,2722,1055,4823,4,1890,230,31369,3420,800,100,0
2016,4,Santa Fe,561832,52.19,561470,362,326721,225792,3201,4946,6,4966,40102,349722,74401,77667,13155,1529
2016,4,Santiago Del Estero,35051,15.07,35049,2,30192,3900,19,9110,5,260,3925,22246,6178,2664,150,0
2016,4,Tierra Del Fuego,32557,70.31,31938,619,22636,6905,665,10,3,160,2850,35409,0,0,0,0
2016,4,Tucumán,151652,37.98,151615,37,146995,4482,116,140,6,960,10021,87994,37721,14389,14,10
2016,3,Provincia de Buenos Aires,3086592,60.14,3075387,11205,1574216,1355770,113463,18867,6,5856,107945,2148475,39353,399116,529,13318
2016,3,Capital Federal,1403104,120.77,1395053,8051,447726,905105,36796,2514,7,3310,9950,759028,208249,240856,38341,13886
2016,3,Catamarca,26970,26.48,26957,13,26689,248,14,10,5,150,4038,16183,4845,1853,500,0
2016,3,Chaco,89230,28.91,89216,14,56251,32730,232,20,7,1900,5227,46821,21193,13746,2022,217
2016,3,Chubut,63952,36.18,62222,1730,43987,935,916,13364,3,4660,519,74375,6740,0,0,0
2016,3,Córdoba,642591,58.24,642458,133,348481,285480,2540,5695,6,480,41329,415075,75988,99225,11691,1322
2016,3,Corrientes,88340,31.07,88328,12,55934,30813,217,1354,6,150,7425,49471,19956,10006,1263,210
2016,3,Entre Ríos,181149,45.44,181092,57,112588,61850,206,6441,6,1768,10657,110844,38665,17737,1307,248
2016,3,Formosa,27716,18.64,27716,0,21800,5905,9,0,5,1723,4277,15581,3964,3658,6480,10
2016,3,Jujuy,42538,22.61,42537,1,34250,8236,22,0,4,2860,6878,27425,5943,1978,310,0
2016,3,La Pampa,70364,61.73,69903,461,12751,45952,4910,6236,3,3740,10187,55792,150,2240,1140,11
2016,3,La Rioja,16930,17.07,16912,18,16891,0,15,20,5,90,2349,9686,3316,1562,110,2
2016,3,Mendoza,170624,32.09,169174,1450,153233,13030,2576,280,4,370,100,178186,730,480,50,17
2016,3,Misiones,97997,29.91,97997,0,59776,38130,79,50,7,101,603,48871,23394,17043,1559,91
2016,3,Neuquén,112603,60.21,110491,2112,51752,44739,1093,12402,5,1531,1527,87404,6800,12541,2118,225
2016,3,Río Negro,101026,46.39,100024,1002,67043,28496,942,3293,4,1007,6026,90689,2070,5953,7900,99
2016,3,Salta,107791,32.96,107790,1,80866,26113,90,1570,5,1107,6922,71214,20229,8099,1970,50
2016,3,San Juan,51968,27.32,51348,620,48670,451,770,1174,3,80,2450,58577,0,0,0,2
2016,3,San Luis,13293,9.63,12978,315,11432,1113,354,230,4,70,40,14077,0,0,10,2
2016,3,Santa Cruz,26257,26.84,25886,371,15570,2722,817,4978,4,1890,220,31904,2210,520,90,0
2016,3,Santa Fe,567011,52.67,566625,386,334911,223011,3037,4862,6,3958,49501,360606,72657,69864,1021,1308
2016,3,Santiago Del Estero,35660,15.33,35658,2,31730,3900,19,30,5,260,5097,22747,6216,2497,90,0
2016,3,Tierra Del Fuego,31925,68.94,31306,619,22636,6276,665,10,3,160,2850,35080,0,0,0,0
2016,3,Tucumán,151319,37.9,151282,37,147259,3850,116,530,6,1270,12247,87970,36518,1315,1288,4
2016,2,Provincia de Buenos Aires,3045291,59.34,3032776,12515,1579448,1305949,113070,21163,5,10786,133385,2250898,335296,334723,31494,11933
2016,2,Capital Federal,1394584,120.04,1384824,9760,450644,892209,36669,239,7,4352,1736,859039,146091,21301,19597,13477
2016,2,Catamarca,26556,26.07,26543,13,26262,245,14,10,4,150,5736,14742,4567,1496,470,1
2016,2,Chaco,88251,28.59,88235,16,56112,31825,221,520,6,1970,8063,45823,20346,1209,1571,201
2016,2,Chubut,63856,36.12,62116,1740,43977,867,916,13293,3,5720,5421,73078,7750,0,0,0
2016,2,Córdoba,634914,57.55,634680,234,348891,277615,1709,561,6,2580,5705,437547,7198,82618,8355,1242
2016,2,Corrientes,86956,30.58,86932,24,55511,29845,203,1354,6,410,10018,47916,192,8851,8030,191
2016,2,Entre Ríos,178373,44.74,178194,179,112809,58768,169,6434,5,4734,16368,115000,36917,15522,8490,205
2016,2,Formosa,28802,19.37,28801,1,22101,5658,6,1023,5,1675,5401,14370,3569,3218,5930,10
2016,2,Jujuy,41189,21.89,41187,2,33758,7374,22,0,4,2561,8292,25301,5589,175,30,0
2016,2,La Pampa,68888,60.44,68403,485,12754,44654,4708,6225,3,4290,10616,63928,150,1190,960,11
2016,2,La Rioja,16736,16.88,16718,18,16691,0,15,20,5,100,3151,9043,319,1344,30,5
2016,2,Mendoza,170824,32.13,169274,1550,153321,13030,2576,290,4,4370,300,176922,610,440,50,20
2016,2,Misiones,95815,29.24,95808,7,59573,36145,77,50,6,1973,7899,49586,21385,1482,1073,96
2016,2,Neuquén,110515,59.1,108224,2291,51742,42370,1088,12466,5,1916,1691,88854,5830,10241,1285,208
2016,2,Río Negro,100704,46.24,99631,1073,67031,28100,939,33,4,1189,6107,92158,1940,4877,5200,86
2016,2,Salta,104932,32.08,104929,3,79438,24719,85,1510,5,216,10123,70875,18759,7129,1400,49
2016,2,San Juan,52013,27.34,51392,621,48670,451,770,1214,3,100,2730,57589,0,0,0,4
2016,2,San Luis,13256,9.6,12939,317,11432,1063,354,300,4,120,40,13931,0,0,10,2
2016,2,Santa Cruz,26153,26.73,25797,356,15453,2722,396,4996,4,2440,260,31995,1420,200,0,0
2016,2,Santa Fe,564474,52.44,563867,607,336244,219088,2981,4744,5,9486,67325,374960,68505,60469,6509,1277
2016,2,Santiago Del Estero,36961,15.89,36958,3,32101,3900,19,9110,4,7040,6705,22208,5943,2108,10,0
2016,2,Tierra Del Fuego,31359,67.72,30740,619,22636,5707,665,10,3,160,2860,38773,0,0,0,0
2016,2,Tucumán,148677,37.24,148636,41,145486,2968,116,580,5,2310,18515,83945,33891,1131,1032,2
2016,1,Provincia de Buenos Aires,2942515,57.34,2929903,12612,1583560,1200859,111231,21108,5,7351,9788,2214760,289929,247372,8315,9529
2016,1,Capital Federal,1337896,115.16,1328079,9817,454425,832126,36332,2284,6,231,43686,869048,178665,192644,6577,10838
2016,1,Catamarca,26389,25.91,26376,13,26096,243,15,10,4,150,6102,14653,4241,1334,420,1
2016,1,Chaco,86651,28.08,86635,16,56353,29994,211,520,6,1940,8755,46304,19388,10587,1238,184
2016,1,Chubut,63800,36.09,62060,1740,43967,834,916,1328,3,940,5095,72396,1066,0,0,0
2016,1,Córdoba,609926,55.28,609692,234,350884,252346,674,5636,5,1480,59484,414452,65763,66455,4143,1039
2016,1,Corrientes,85536,30.08,85510,26,55454,28491,192,1354,5,290,1069,47833,18375,7911,5260,170
2016,1,Entre Ríos,174813,43.85,174634,179,113101,54948,146,6425,5,2864,17749,104137,35104,14057,4570,165
2016,1,Formosa,28314,19.04,28313,1,21852,5420,5,1023,5,1738,5731,14163,3229,2906,5440,5
2016,1,Jujuy,40289,21.41,40287,2,33481,6751,22,0,4,2543,8558,22383,5188,1623,0,0
2016,1,La Pampa,65929,57.84,65442,487,12754,41881,4536,6209,3,4260,11065,52117,150,780,710,11
2016,1,La Rioja,16691,16.83,16673,18,16645,0,16,20,5,100,3382,9060,298,1254,20,3
2016,1,Mendoza,170810,32.12,169257,1553,153299,13030,2576,340,4,2350,210,175376,470,430,50,17
2016,1,Misiones,92958,28.37,92951,7,59538,33330,70,50,6,9590,8502,50061,19195,13363,7790,68
2016,1,Neuquén,104261,55.75,101969,2292,51702,36122,1085,12502,4,172,1737,86310,4790,7893,1430,171
2016,1,Río Negro,99822,45.84,98745,1077,66894,27312,937,3341,4,1171,6105,90038,2030,4246,770,81
2016,1,Salta,102426,31.32,102423,3,78973,22741,73,1320,5,1119,10765,65646,17748,6643,1190,31
2016,1,San Juan,51994,27.33,51373,621,48670,451,770,1195,3,90,3090,56447,0,0,0,2
2016,1,San Luis,13232,9.59,12915,317,11432,1042,354,270,4,80,40,13645,0,0,10,2
2016,1,Santa Cruz,26287,26.87,25931,356,15654,2723,396,5088,3,1680,290,32188,80,0,0,0
2016,1,Santa Fe,551996,51.28,551378,618,338052,204816,3014,4686,5,6492,71565,353525,64117,51293,3754,1063
2016,1,Santiago Del Estero,37698,16.21,37695,3,32838,3900,19,9110,4,7030,7219,22805,5769,1898,0,0
2016,1,Tierra Del Fuego,30486,65.83,29867,619,22636,4834,665,10,3,160,2850,33003,0,0,0,0
2016,1,Tucumán,146637,36.72,146596,41,144233,2165,116,740,5,1060,20092,84008,3149,10046,8710,0
2015,4,Provincia de Buenos Aires,2959385,58.29,2946743,12642,1586343,1223603,103269,20397,5,7985,100303,2253197,27456,240188,3835,8180
2015,4,Capital Federal,1370226,118.13,1360381,9845,455427,879950,19818,2273,6,2417,46568,916813,172029,198635,3087,10899
2015,4,Catamarca,26472,26.24,26459,13,26180,242,15,10,4,150,6513,14484,4106,1313,390,1
2015,4,Chaco,86553,28.35,86537,16,56818,29456,186,520,6,1940,9593,46771,18608,10092,1136,159
2015,4,Chubut,64019,36.89,62279,1740,43968,811,916,13521,3,6250,5774,71881,1680,0,0,0
2015,4,Córdoba,626070,57.36,625835,235,353530,266062,480,5613,5,1480,63746,427471,62989,67151,3336,1088
2015,4,Corrientes,85435,30.34,85409,26,55681,28178,177,1354,5,290,11248,48104,17877,7569,4560,150
2015,4,Entre Ríos,174137,44.11,173957,180,113983,53411,122,6427,5,2865,18883,104224,33989,13668,3990,163
2015,4,Formosa,28089,19.07,28088,1,21734,5314,4,1023,5,1791,6081,14279,2704,2713,5190,4
2015,4,Jujuy,39924,21.47,39922,2,32934,6933,22,0,4,2551,8876,21867,5044,1587,0,0
2015,4,La Pampa,66366,58.76,66054,312,12755,42705,4327,6205,3,5920,12951,48798,160,630,490,10
2015,4,La Rioja,16932,17.32,16914,18,16886,0,16,20,5,100,3638,9127,2937,1215,20,3
2015,4,Mendoza,170807,32.49,169251,1556,153293,13030,2572,380,4,2410,230,174719,380,410,50,13
2015,4,Misiones,92853,28.69,92846,7,60252,32533,48,50,6,9590,9169,51029,17281,1369,6750,52
2015,4,Neuquén,107416,58.29,105122,2294,51680,38902,1048,12934,4,1727,2061,89678,4550,7934,90,175
2015,4,Río Negro,99722,46.44,98655,1067,66851,27221,915,3407,4,3282,4473,89062,2010,4024,50,75
2015,4,Salta,101920,31.59,101917,3,78744,22446,47,1290,5,1122,11387,65677,17139,6507,990,5
2015,4,San Juan,52029,27.66,51408,621,48670,451,770,123,3,90,3860,55761,0,0,0,2
2015,4,San Luis,13218,9.71,12901,317,11432,1025,354,300,4,80,40,13473,0,0,10,2
2015,4,Santa Cruz,26403,27.74,26047,356,15614,2723,396,5261,3,1880,260,32338,30,0,0,0
2015,4,Santa Fe,561672,52.61,561045,627,339843,212911,2885,4596,5,6659,7577,361264,60985,51258,3079,1189
2015,4,Santiago Del Estero,39135,17.0,39132,3,33582,4365,19,1139,4,7030,7836,23074,5669,1856,0,0
2015,4,Tierra Del Fuego,29953,66.46,29334,619,22636,4301,665,10,3,160,2850,32662,0,0,0,0
2015,4,Tucumán,146095,37.06,146053,42,144188,1653,116,880,5,1070,218,83887,29942,9507,8370,0
2015,3,Provincia de Buenos Aires,2928765,57.69,2916070,12695,1585467,1183894,113590,19989,5,8361,107351,2266948,262564,200491,2642,7720
2015,3,Capital Federal,1372068,118.29,1362193,9875,454815,871262,30974,2229,6,2448,4934,942525,159618,175594,2028,10022
2015,3,Catamarca,26093,25.86,26080,13,25801,242,15,10,4,150,6871,14206,4143,8120,430,1
2015,3,Chaco,85370,27.96,85354,16,56282,28809,186,520,5,2400,10353,47131,19016,7498,9790,157
2015,3,Chubut,63883,36.81,62143,1740,43964,792,916,13408,3,6410,5886,71668,1670,0,0,0
2015,3,Córdoba,622998,57.08,622761,237,351692,264055,1450,5412,5,1500,68765,429787,61109,59372,2582,1048
2015,3,Corrientes,84959,30.17,84931,28,55792,27604,176,134,5,330,11921,48127,18168,6111,4530,146
2015,3,Entre Ríos,172434,43.68,172252,182,113909,51945,122,6261,5,2863,20385,103990,34788,9924,3840,153
2015,3,Formosa,27752,18.84,27751,1,21573,5264,2,8990,4,1862,6521,14354,2791,1842,3790,2
2015,3,Jujuy,39550,21.27,39548,2,32598,6895,22,0,4,2549,9278,21588,5169,9660,0,0
2015,3,La Pampa,65471,57.96,64976,495,12755,41886,4078,6195,3,6130,13087,47660,90,550,390,10
2015,3,La Rioja,16771,17.15,16753,18,16725,0,16,20,4,100,384,9102,2984,8320,0,3
2015,3,Mendoza,170823,32.49,169261,1562,153299,13030,2572,420,4,2560,250,173430,450,180,50,13
2015,3,Misiones,91622,28.31,91615,7,59921,31635,46,50,6,9580,9809,51234,17367,11654,5590,43
2015,3,Neuquén,100616,54.6,98376,2240,47102,36620,1045,13051,4,1733,2124,85044,2100,6599,20,155
2015,3,Río Negro,99614,46.39,98529,1085,66806,27130,917,3415,4,3372,4457,88691,990,3826,10,62
2015,3,Salta,100573,31.18,100570,3,78064,21688,47,1290,4,1126,12223,65405,17451,4318,610,5
2015,3,San Juan,52030,27.67,51409,621,48670,451,770,1231,3,90,3910,54963,0,0,0,2
2015,3,San Luis,13219,9.71,12902,317,11432,1025,354,310,4,90,40,13286,0,0,10,2
2015,3,Santa Cruz,26271,27.61,25912,359,15540,2718,396,5226,3,1900,250,32266,20,0,0,0
2015,3,Santa Fe,556738,52.15,556097,641,337042,209673,4169,4426,5,6767,80817,363177,59531,42021,232,1133
2015,3,Santiago Del Estero,39397,17.12,39394,3,33886,4365,19,1097,4,7030,8332,23158,5956,1249,0,0
2015,3,Tierra Del Fuego,33737,74.86,33118,619,22636,8085,665,10,3,150,2850,36408,20,0,0,0
2015,3,Tucumán,144314,36.61,144272,42,142925,1135,116,880,5,1070,23687,83654,29998,6232,6230,0
2015,2,Provincia de Buenos Aires,2883790,56.8,2871079,12711,1581770,1141052,115660,19268,4,8714,137189,2299705,243503,159922,201,6712
2015,2,Capital Federal,1346284,116.07,1336391,9893,453178,858342,19786,2172,5,2493,51799,990112,148569,142976,1482,9258
2015,2,Catamarca,25679,25.45,25666,13,25387,242,15,10,4,150,7253,14003,3776,5930,370,1
2015,2,Chaco,83848,27.46,83832,16,55767,27809,179,520,5,2880,11058,47551,17675,6337,7880,149
2015,2,Chubut,63485,36.58,61745,1740,43949,762,916,13055,3,6560,6032,55791,1680,0,0,0
2015,2,Córdoba,609746,55.87,609510,236,348130,255596,435,5199,5,1560,72695,434717,54993,46415,1956,903
2015,2,Corrientes,83316,29.58,83288,28,55238,26553,157,1321,5,340,12542,48015,17184,5039,3790,126
2015,2,Entre Ríos,169492,42.93,169309,183,113378,49767,119,6031,5,2864,21986,104043,32293,7867,3540,136
2015,2,Formosa,27050,18.36,27013,37,21097,5164,2,7370,4,1881,6907,14247,2436,1324,2570,1
2015,2,Jujuy,37722,20.29,37720,2,32183,5482,22,0,3,2479,9474,20248,4792,7300,0,0
2015,2,La Pampa,64052,56.71,63552,500,12756,40825,3719,619,3,5737,8182,46235,270,240,250,10
2015,2,La Rioja,16509,16.88,16491,18,16463,0,16,20,4,100,4082,9093,268,6410,0,3
2015,2,Mendoza,170823,32.49,169259,1564,153301,13030,2572,380,4,2680,260,170451,420,160,50,13
2015,2,Misiones,88519,27.35,88512,7,59179,29283,37,50,5,9580,1036,51671,15022,10072,4080,33
2015,2,Neuquén,97885,53.12,95644,2241,47078,34183,1044,12781,4,1755,2348,82727,2140,5168,20,110
2015,2,Río Negro,98727,45.98,97640,1087,66738,26268,916,3457,4,3413,4525,87362,970,324,10,51
2015,2,Salta,98267,30.46,98264,3,77214,20297,47,1290,4,1123,1302,64737,16241,3114,290,5
2015,2,San Juan,51988,27.64,51367,621,48670,451,770,1189,3,80,4100,51568,0,0,0,2
2015,2,San Luis,13221,9.71,12904,317,11432,1025,354,330,4,90,40,13204,0,0,10,2
2015,2,Santa Cruz,25763,27.07,25384,379,15343,2707,396,4917,3,2100,250,25519,20,0,0,0
2015,2,Santa Fe,546388,51.18,545739,649,333117,204685,2877,432,4,6827,86016,364441,53205,33894,1856,1014
2015,2,Santiago Del Estero,39378,17.11,39375,3,33873,4365,19,1091,4,7030,8779,23456,5553,8880,0,0
2015,2,Tierra Del Fuego,33579,74.51,32960,619,22636,7927,665,10,3,150,2850,36073,20,0,0,0
2015,2,Tucumán,140677,35.69,140635,42,139944,479,116,880,4,1070,25178,83462,26966,4502,4550,0
2015,1,Provincia de Buenos Aires,2861842,56.37,2847076,14766,1583135,1096836,134177,18754,4,8882,123589,2267852,22007,126958,1561,5700
2015,1,Capital Federal,1332721,114.9,1321139,11582,454934,841743,19334,1994,5,2545,59084,1013510,134151,114569,1195,8401
2015,1,Catamarca,25332,25.11,25312,20,25033,241,16,10,3,130,7634,13754,3202,5170,90,1
2015,1,Chaco,81360,26.65,81329,31,54952,26161,164,270,5,260,12053,47425,15883,5346,4890,135
2015,1,Chubut,65273,37.61,63327,1946,45645,717,906,1254,3,6510,6176,57333,1020,0,0,0
2015,1,Córdoba,596957,54.7,596663,294,343883,247564,415,4645,4,1570,78427,432802,46574,37443,1615,815
2015,1,Corrientes,81531,28.95,81488,43,54649,25372,129,1319,5,360,13295,47842,15554,4424,2350,98
2015,1,Entre Ríos,166070,42.07,165839,231,112363,47411,108,5943,4,2867,23951,104168,28113,6926,2740,119
2015,1,Formosa,26700,18.12,26657,43,21022,4951,1,6700,3,1891,7336,14413,2024,8780,1570,1
2015,1,Jujuy,36611,19.69,36608,3,31505,5048,22,0,3,2458,9754,19858,3939,6030,0,0
2015,1,La Pampa,62697,55.51,62155,542,13143,39571,3215,6164,3,6059,8054,45038,260,100,130,10
2015,1,La Rioja,16333,16.7,16310,23,16282,0,16,20,4,110,4201,9379,2207,5330,0,3
2015,1,Mendoza,170160,32.37,168355,1805,152433,13030,2542,290,4,2870,240,169763,380,160,60,11
2015,1,Misiones,85146,26.31,85139,7,58262,26836,30,50,5,9580,11136,51906,12387,8543,1940,26
2015,1,Neuquén,95742,51.95,93373,2369,47518,32152,1024,12088,4,1895,2577,80787,1700,4067,20,76
2015,1,Río Negro,97333,45.33,96145,1188,66274,25217,907,3473,4,3371,4913,86173,940,2632,20,42
2015,1,Salta,96811,30.01,96793,18,76280,19781,47,1290,4,1123,14151,64992,13955,2569,150,5
2015,1,San Juan,51819,27.55,51117,702,48441,451,755,1165,3,80,4450,51346,0,0,0,2
2015,1,San Luis,13232,9.72,12878,354,11414,1025,351,300,4,100,80,12720,0,10,0,2
2015,1,Santa Cruz,26641,27.99,26217,424,16215,2700,392,4772,3,2050,270,26048,20,0,0,0
2015,1,Santa Fe,536437,50.24,535640,797,328809,199037,2845,4239,4,6883,93096,360964,4527,27597,1542,900
2015,1,Santiago Del Estero,39252,17.06,39244,8,33813,4365,19,102,4,7010,9236,23136,4796,7480,0,0
2015,1,Tierra Del Fuego,33456,74.23,32726,730,22291,7924,657,10,3,140,6090,36319,20,0,0,0
2015,1,Tucumán,138276,35.08,138184,92,137857,115,116,880,4,1070,27143,83895,23061,3722,3340,0
2014,4,Provincia de Buenos Aires,2816407,56.09,2801178,15229,1575978,1070135,120528,17728,4,8226,132937,2250445,20362,104322,9970,5406
2014,4,Capital Federal,1330520,114.9,1318526,11994,455785,840224,17155,1962,5,2698,62896,1038269,123451,95772,8900,7997
2014,4,Catamarca,25493,25.51,25472,21,25192,241,16,0,3,210,8047,14093,291,4210,0,1
2014,4,Chaco,66035,21.87,65998,37,55024,10918,31,0,4,4830,12837,42106,7908,26,1240,2
2014,4,Chubut,68542,40.25,66557,1985,48539,697,891,12256,3,1858,6218,60392,700,0,0,0
2014,4,Córdoba,590432,54.7,590113,319,345157,240452,419,3918,4,1903,85362,427844,41947,30858,1177,782
2014,4,Corrientes,65710,23.56,65656,54,54754,9526,40,1315,4,400,1386,42182,7513,2106,0,9
2014,4,Entre Ríos,140813,36.03,140567,246,112291,23027,57,5178,4,2311,27801,88649,18318,3584,10,66
2014,4,Formosa,26207,17.96,26156,51,21245,4896,1,0,3,1947,783,14058,1852,4730,470,1
2014,4,Jujuy,36002,19.6,35999,3,31349,4583,22,370,3,188,10427,19740,3443,4650,0,0
2014,4,La Pampa,57380,51.27,56813,567,16043,34281,514,5894,3,6266,6879,36520,260,50,40,10
2014,4,La Rioja,16402,17.01,16379,23,16352,0,17,0,4,90,4333,9728,1943,3860,0,3
2014,4,Mendoza,169614,32.64,167766,1848,151797,13030,2534,310,4,3030,190,169222,360,140,50,12
2014,4,Misiones,77229,24.16,77222,7,58435,18613,16,1500,4,5470,1184,53093,8731,2952,540,12
2014,4,Neuquén,95396,52.55,92999,2397,47721,31778,1014,11853,4,1731,2744,80938,1260,3621,20,66
2014,4,Río Negro,96260,45.48,95050,1210,66307,23703,901,3819,4,364,4723,85094,940,2319,40,30
2014,4,Salta,93947,29.53,93921,26,76026,17289,48,60,4,540,16214,63221,12552,1922,0,4
2014,4,San Juan,52119,28.04,51390,729,48653,451,740,1202,3,110,4780,51628,0,0,0,2
2014,4,San Luis,13147,9.79,12788,359,11419,926,355,240,4,90,0,13135,0,0,10,2
2014,4,Santa Cruz,25713,27.8,25277,436,17553,448,388,4395,3,1560,14,24145,10,10,0,0
2014,4,Santa Fe,529397,50.0,528459,938,335267,183009,3205,6282,4,8707,99962,359293,36718,21098,8690,824
2014,4,Santiago Del Estero,39317,17.27,39308,9,34110,4231,19,9200,3,1246,8913,24181,4359,6020,0,0
2014,4,Tierra Del Fuego,28990,66.14,28249,741,21948,3664,655,10,3,120,2830,31489,20,0,0,0
2014,4,Tucumán,137424,35.32,137329,95,137093,97,116,130,4,170,28746,85091,20631,2733,1960,0
2014,3,Provincia de Buenos Aires,2849565,56.75,2835537,14028,1562533,1110628,124474,20049,4,7355,128187,2281524,156693,68947,2430,4232
2014,3,Capital Federal,1317825,113.8,1307195,10630,450155,833402,17886,1995,4,8400,78016,1060145,10217,70907,950,6626
2014,3,Catamarca,24686,24.71,24665,21,24380,244,15,0,3,190,8845,13790,1915,1110,0,0
2014,3,Chaco,63746,21.11,63710,36,53321,10336,29,10,3,3980,14731,41934,5428,1274,50,0
2014,3,Chubut,69137,40.6,67130,2007,49219,668,882,11853,3,2013,6281,60771,340,0,0,0
2014,3,Córdoba,585431,54.23,585231,200,340212,240334,444,4064,4,6600,98992,435692,28992,18888,840,664
2014,3,Corrientes,63549,22.79,63516,33,52957,9184,31,1312,3,210,15448,41717,5181,1172,0,0
2014,3,Entre Ríos,136733,34.98,136618,115,108907,22440,48,5203,3,1709,2971,91450,12569,131,0,48
2014,3,Formosa,25937,17.77,25873,64,21021,4836,0,0,3,2001,8323,14202,1324,850,0,0
2014,3,Jujuy,33741,18.37,33739,2,30128,3541,22,370,3,1270,10979,20216,2305,820,0,0
2014,3,La Pampa,62425,55.78,61861,564,16051,33940,538,11219,3,6458,6645,41009,240,50,40,10
2014,3,La Rioja,15916,16.51,15893,23,15864,0,14,10,3,100,4785,9720,1337,610,0,0
2014,3,Mendoza,167924,32.31,166184,1740,150120,13030,2512,400,4,350,0,167763,310,120,130,1
2014,3,Misiones,75327,23.57,75327,0,56933,18373,4,30,4,6400,13637,53510,5928,1606,0,1
2014,3,Neuquén,102367,56.4,100099,2268,54458,30964,1000,12858,4,1522,3099,80090,1070,2865,100,27
2014,3,Río Negro,97780,46.2,96629,1151,65264,26590,888,3533,3,364,5189,86868,870,1944,80,9
2014,3,Salta,92954,29.22,92929,25,73828,18394,43,1090,3,7320,17481,66026,8314,3880,0,0
2014,3,San Juan,51779,27.85,51031,748,48272,451,731,1199,3,80,4870,51276,0,0,0,0
2014,3,San Luis,13046,9.71,12683,363,11303,925,355,250,4,80,0,13029,0,0,30,0
2014,3,Santa Cruz,26110,28.23,25664,446,17862,492,385,4273,3,1950,1624,24248,10,10,0,0
2014,3,Santa Fe,520887,49.2,520196,691,325577,183630,4407,654,3,823,112593,357615,23962,12124,380,806
2014,3,Santiago Del Estero,37548,16.49,37539,9,32820,3900,19,7680,3,7910,9914,23826,2867,1420,0,0
2014,3,Tierra Del Fuego,28792,65.69,28037,755,21840,3469,650,10,3,120,3360,32348,20,0,0,0
2014,3,Tucumán,132066,33.94,131978,88,131739,97,117,130,3,60,32716,84668,14101,5590,40,0
2014,2,Provincia de Buenos Aires,2764546,55.06,2750430,14116,1568881,1025490,120008,1702,4,6902,162274,2288772,140226,56549,2840,4309
2014,2,Capital Federal,1310215,113.14,1299502,10713,447637,828411,17729,1883,4,8470,81431,1078213,87359,56004,590,6427
2014,2,Catamarca,24683,24.7,24660,23,24380,243,17,0,3,190,8844,13794,1915,1110,0,0
2014,2,Chaco,63279,20.96,63243,36,53321,9870,30,0,3,4120,14854,41530,5418,1085,50,0
2014,2,Chubut,70519,41.41,68503,2016,51070,649,866,1096,3,2064,6582,61868,0,0,0,0
2014,2,Córdoba,576952,53.45,576747,205,337825,234729,351,3673,4,2105,101598,429536,28698,14824,760,627
2014,2,Corrientes,62958,22.58,62925,33,52883,8680,31,1309,3,200,15563,41219,5199,9560,0,0
2014,2,Entre Ríos,135583,34.69,135468,115,108900,21706,49,4795,3,2187,32781,86757,12564,1162,0,44
2014,2,Formosa,25600,17.54,25535,65,20894,4628,0,0,3,2032,8218,13944,1321,850,0,0
2014,2,Jujuy,34361,18.71,34359,2,30128,4161,23,400,3,1873,11233,18851,2305,820,0,0
2014,2,La Pampa,55628,49.71,55048,580,15957,32600,513,5869,3,7032,6761,34089,180,50,40,10
2014,2,La Rioja,15912,16.5,15889,23,15864,0,14,0,3,100,4785,9719,1337,610,0,0
2014,2,Mendoza,166807,32.1,165046,1761,148979,13030,2480,360,4,350,60,166710,310,100,50,10
2014,2,Misiones,74689,23.37,74689,0,56933,17594,4,1500,4,5400,13644,53245,5924,1334,20,0
2014,2,Neuquén,92288,50.84,90053,2235,47767,29776,997,10765,4,1531,3206,79087,920,2289,20,30
2014,2,Río Negro,95957,45.33,94812,1145,64920,24944,876,3657,3,3468,5507,84978,780,1569,20,8
2014,2,Salta,91974,28.91,91949,25,73841,17504,45,70,3,530,18818,64440,8293,3880,0,0
2014,2,San Juan,51646,27.78,50891,755,48161,451,722,1139,3,100,5070,51129,0,0,0,0
2014,2,San Luis,13055,9.72,12691,364,11306,925,354,220,4,70,0,13045,0,0,10,2
2014,2,Santa Cruz,27169,29.38,26710,459,18956,448,381,4118,3,1530,1637,25374,20,0,0,0
2014,2,Santa Fe,512358,48.39,511753,605,324101,178495,3085,6041,3,8515,115197,353559,23939,10058,340,792
2014,2,Santiago Del Estero,38011,16.7,38002,9,32820,4231,19,9070,3,1231,9914,23842,2867,1420,0,0
2014,2,Tierra Del Fuego,28209,64.36,27443,766,21618,3008,648,10,3,120,3340,31198,20,0,0,0
2014,2,Tucumán,132069,33.94,131981,88,131740,97,121,130,3,60,32714,84675,14101,5590,40,0
2014,1,Provincia de Buenos Aires,2739876,54.57,2725732,14144,1567685,1000879,120960,16528,4,8469,171244,2279875,121787,38923,2060,4037
2014,1,Capital Federal,1299918,112.25,1289204,10714,445569,820161,17767,1866,4,8520,88826,1096050,70293,38798,550,6208
2014,1,Catamarca,24232,24.25,24209,23,24126,46,17,0,3,190,9147,13330,1672,640,0,0
2014,1,Chaco,62556,20.72,62520,36,52971,9497,30,0,3,4380,15849,40869,4644,7410,50,0
2014,1,Chubut,70221,41.24,68205,2016,51066,539,866,10776,3,7452,100,61329,0,0,0,0
2014,1,Córdoba,566910,52.52,566705,205,336841,225769,347,3585,3,2076,107705,423114,24112,9818,400,588
2014,1,Corrientes,62236,22.32,62203,33,52565,8279,31,1306,3,200,16357,40742,4486,6300,0,0
2014,1,Entre Ríos,134331,34.37,134216,115,107883,21379,49,4887,3,2177,35206,85248,10828,7460,0,43
2014,1,Formosa,25422,17.42,25335,87,20774,4548,0,0,3,2062,8475,13685,1133,670,0,0
2014,1,Jujuy,33827,18.42,33825,2,29765,4030,23,0,3,1832,11498,18415,2002,560,0,0
2014,1,La Pampa,54193,48.43,53601,592,15826,31305,513,5848,3,7434,6535,32501,170,50,40,10
2014,1,La Rioja,15711,16.29,15688,23,15663,0,14,0,3,100,5111,9390,1165,350,0,0
2014,1,Mendoza,165845,31.91,164084,1761,148970,12076,2480,370,4,350,60,166655,190,100,60,9
2014,1,Misiones,73950,23.14,73950,0,56597,17191,4,1500,3,5450,1446,52852,5139,9580,0,0
2014,1,Neuquén,90380,49.79,88077,2303,47790,28161,997,10381,4,4133,9870,77148,840,1582,20,22
2014,1,Río Negro,95066,44.91,93909,1157,64886,24156,876,3576,3,467,4618,84304,730,1062,10,8
2014,1,Salta,91290,28.7,91265,25,73131,17538,45,80,3,530,19677,64061,7192,3140,0,0
2014,1,San Juan,51298,27.6,50543,755,48161,434,722,8080,3,5310,20,51056,0,0,0,0
2014,1,San Luis,12557,9.35,12193,364,11306,428,354,210,4,70,30,12544,0,10,0,2
2014,1,Santa Cruz,26764,28.94,26304,460,18927,100,381,4092,3,1610,1625,24972,10,10,0,0
2014,1,Santa Fe,506612,47.85,506000,612,322662,174296,3059,5951,3,8456,124468,345225,20328,6845,230,668
2014,1,Santiago Del Estero,37133,16.31,37124,9,32567,3598,19,9150,3,1234,10531,22817,2422,1090,0,0
2014,1,Tierra Del Fuego,28038,63.97,27272,766,21618,2837,648,10,3,120,6070,30902,60,0,0,0
2014,1,Tucumán,130032,33.42,129944,88,129717,83,121,130,3,60,34672,83210,11779,3620,30,0
